char;time_ingame;time_rw;pos;vehicle;subtitles_text;speaker;soundfile
Trevor;08:58:52;17:46:28;1972.606,3817.044,3817.044;;;;
Trevor;08:58:52;17:46:28;1972.606,3817.044,3817.044;;;;
Trevor;08:58:53;17:46:29;1972.606,3817.044,3817.044;;;;
Trevor;08:58:53;17:46:29;1972.606,3817.044,3817.044;;;;
Trevor;08:58:54;17:46:30;1972.606,3817.044,3817.044;;;;
Trevor;08:58:54;17:46:30;1972.606,3817.044,3817.044;;;;
Trevor;08:58:55;17:46:31;1972.606,3817.044,3817.044;;;;
Trevor;08:58:55;17:46:31;1972.606,3817.044,3817.044;;;;
Trevor;08:58:56;17:46:32;1972.606,3817.044,3817.044;;;;
Trevor;08:58:56;17:46:33;1972.606,3817.044,3817.044;;;;
Trevor;08:58:57;17:46:33;1972.606,3817.044,3817.044;;;;
Trevor;08:58:57;17:46:34;1972.606,3817.044,3817.044;;;;
Trevor;08:58:58;17:46:34;1972.606,3817.044,3817.044;;;;
Trevor;08:58:58;17:46:35;1972.606,3817.044,3817.044;;;;
Trevor;08:58:59;17:46:35;1972.606,3817.044,3817.044;;;;
Trevor;08:58:59;17:46:36;1972.606,3817.044,3817.044;;;;
Trevor;08:59:00;17:46:36;1972.606,3817.044,3817.044;;;;
Trevor;08:59:00;17:46:37;1972.606,3817.044,3817.044;;;;
Trevor;08:59:01;17:46:37;1972.606,3817.044,3817.044;;;;
Trevor;08:59:02;17:46:38;1972.606,3817.044,3817.044;;;;
Trevor;08:59:02;17:46:38;1972.606,3817.044,3817.044;;;;
Trevor;08:59:03;17:46:39;1972.606,3817.044,3817.044;;;;
Trevor;08:59:03;17:46:39;1972.606,3817.044,3817.044;;;;
Trevor;08:59:04;17:46:40;1972.606,3817.044,3817.044;;;;
Trevor;08:59:04;17:46:40;1972.606,3817.044,3817.044;;;;
Trevor;08:59:05;17:46:41;1972.606,3817.044,3817.044;;;;
Trevor;08:59:05;17:46:41;1972.606,3817.044,3817.044;;;;
Trevor;08:59:06;17:46:42;1972.606,3817.044,3817.044;;;;
Trevor;08:59:06;17:46:42;1972.606,3817.044,3817.044;;;;
Trevor;08:59:07;17:46:43;1972.606,3817.044,3817.044;;;;
Trevor;08:59:07;17:46:43;1972.606,3817.044,3817.044;;;;
Trevor;08:59:08;17:46:44;1972.606,3817.044,3817.044;;;;
Trevor;08:59:08;17:46:44;1972.606,3817.044,3817.044;;;;
Trevor;08:59:09;17:46:45;1972.606,3817.044,3817.044;;;;
Trevor;08:59:09;17:46:46;1972.606,3817.044,3817.044;;;;
Trevor;08:59:10;17:46:46;1972.606,3817.044,3817.044;;;;
Trevor;08:59:10;17:46:47;1972.606,3817.044,3817.044;;;;
Trevor;08:59:11;17:46:47;1972.606,3817.044,3817.044;;;;
Trevor;08:59:11;17:46:48;1972.606,3817.044,3817.044;;;;
Trevor;08:59:12;17:46:48;1972.606,3817.044,3817.044;;;;
Trevor;08:59:12;17:46:49;1972.606,3817.044,3817.044;;;;
Trevor;08:59:13;17:46:49;1972.606,3817.044,3817.044;;;;
Trevor;08:59:14;17:46:50;1972.606,3817.044,3817.044;;;;
Trevor;08:59:14;17:46:50;1972.606,3817.044,3817.044;;;;
Trevor;08:59:15;17:46:51;1972.606,3817.044,3817.044;;;;
Trevor;08:59:15;17:46:51;1972.606,3817.044,3817.044;;;;
Trevor;08:59:16;17:46:52;1972.606,3817.044,3817.044;;;;
Trevor;08:59:16;17:46:52;1972.606,3817.044,3817.044;;;;
Trevor;08:59:17;17:46:53;1972.606,3817.044,3817.044;;;;
Trevor;08:59:17;17:46:53;1972.606,3817.044,3817.044;;;;
Trevor;08:59:18;17:46:54;1972.606,3817.044,3817.044;;;;
Trevor;08:59:18;17:46:54;1972.606,3817.044,3817.044;;;;
Trevor;08:59:19;17:46:55;1972.606,3817.044,3817.044;;;;
Trevor;08:59:19;17:46:55;1972.606,3817.044,3817.044;;;;
Trevor;08:59:20;17:46:56;1972.606,3817.044,3817.044;;;;
Trevor;08:59:20;17:46:56;1972.606,3817.044,3817.044;;;;
Trevor;08:59:21;17:46:57;1972.606,3817.044,3817.044;;;;
Trevor;08:59:21;17:46:58;1972.606,3817.044,3817.044;;;;
Trevor;08:59:22;17:46:58;1972.606,3817.044,3817.044;;;;
Trevor;08:59:22;17:46:59;1972.606,3817.044,3817.044;;;;
Trevor;08:59:23;17:46:59;1972.606,3817.044,3817.044;;;;
Trevor;08:59:23;17:47:00;1972.606,3817.044,3817.044;;;;
Trevor;08:59:24;17:47:00;1972.606,3817.044,3817.044;;;;
Trevor;08:59:24;17:47:01;1972.606,3817.044,3817.044;;;;
Trevor;08:59:25;17:47:01;1972.606,3817.044,3817.044;;;;
Trevor;08:59:25;17:47:02;1972.606,3817.044,3817.044;;;;
Trevor;08:59:26;17:47:02;1972.606,3817.044,3817.044;;;;
Trevor;08:59:27;17:47:03;1972.606,3817.044,3817.044;;;;
Trevor;08:59:27;17:47:03;1972.606,3817.044,3817.044;;;;
Trevor;08:59:28;17:47:04;1972.606,3817.044,3817.044;;;;
Trevor;08:59:28;17:47:04;1972.606,3817.044,3817.044;;;;
Trevor;08:59:29;17:47:05;1972.606,3817.044,3817.044;;;;
Trevor;08:59:29;17:47:05;1972.606,3817.044,3817.044;;;;
Trevor;08:59:30;17:47:06;1972.606,3817.044,3817.044;;;;
Trevor;08:59:30;17:47:06;1972.606,3817.044,3817.044;;;;
Trevor;08:59:31;17:47:07;1972.606,3817.044,3817.044;;;;
Trevor;08:59:31;17:47:07;1972.606,3817.044,3817.044;;;;
Trevor;08:59:32;17:47:08;1972.606,3817.044,3817.044;;;;
Trevor;08:59:32;17:47:08;1972.606,3817.044,3817.044;;;;
Trevor;08:59:33;17:47:09;1972.606,3817.044,3817.044;;;;
Trevor;08:59:33;17:47:09;1972.606,3817.044,3817.044;;;;
Trevor;08:59:34;17:47:10;1972.606,3817.044,3817.044;;;;
Trevor;08:59:34;17:47:10;1972.606,3817.044,3817.044;;;;
Trevor;08:59:35;17:47:11;1972.606,3817.044,3817.044;;;;
Trevor;08:59:35;17:47:11;1972.606,3817.044,3817.044;;;;
Trevor;08:59:36;17:47:12;1972.606,3817.044,3817.044;;;;
Trevor;08:59:36;17:47:13;1972.606,3817.044,3817.044;;;;
Trevor;08:59:37;17:47:13;1972.606,3817.044,3817.044;;;;
Trevor;08:59:37;17:47:14;1972.606,3817.044,3817.044;;;;
Trevor;08:59:38;17:47:14;1972.606,3817.044,3817.044;;;;
Trevor;08:59:38;17:47:15;1972.606,3817.044,3817.044;;;;
Trevor;08:59:39;17:47:15;1972.606,3817.044,3817.044;;;;
Trevor;08:59:39;17:47:16;1972.606,3817.044,3817.044;;;;
Trevor;08:59:40;17:47:16;1972.606,3817.044,3817.044;;;;
Trevor;08:59:41;17:47:17;1972.606,3817.044,3817.044;;;;
Trevor;08:59:41;17:47:17;1972.606,3817.044,3817.044;;;;
Trevor;08:59:42;17:47:18;1972.606,3817.044,3817.044;;;;
Trevor;08:59:42;17:47:18;1972.606,3817.044,3817.044;;;;
Trevor;08:59:43;17:47:19;1972.606,3817.044,3817.044;;;;
Trevor;08:59:43;17:47:19;1972.606,3817.044,3817.044;;;;
Trevor;08:59:44;17:47:20;1972.606,3817.044,3817.044;;;;
Trevor;08:59:44;17:47:20;1972.606,3817.044,3817.044;;;;
Trevor;08:59:45;17:47:21;1972.606,3817.044,3817.044;;;;
Trevor;08:59:45;17:47:21;1972.606,3817.044,3817.044;;;;
Trevor;08:59:46;17:47:22;1972.606,3817.044,3817.044;;;;
Trevor;08:59:46;17:47:22;1972.606,3817.044,3817.044;;;;
Trevor;08:59:47;17:47:23;1972.606,3817.044,3817.044;;;;
Trevor;08:59:47;17:47:23;1972.606,3817.044,3817.044;;;;
Trevor;08:59:48;17:47:24;1972.606,3817.044,3817.044;;;;
Trevor;08:59:48;17:47:24;1972.606,3817.044,3817.044;;;;
Trevor;08:59:49;17:47:25;1972.606,3817.044,3817.044;;;;
Trevor;08:59:49;17:47:26;1972.606,3817.044,3817.044;;;;
Trevor;08:59:50;17:47:26;1972.606,3817.044,3817.044;;;;
Trevor;08:59:50;17:47:27;1972.606,3817.044,3817.044;;;;
Trevor;08:59:51;17:47:27;1972.606,3817.044,3817.044;;;;
Trevor;08:59:51;17:47:28;1972.606,3817.044,3817.044;;;;
Trevor;08:59:52;17:47:28;1972.606,3817.044,3817.044;;;;
Trevor;08:59:52;17:47:29;1972.606,3817.044,3817.044;;;;
Trevor;08:59:53;17:47:29;1972.606,3817.044,3817.044;;;;
Trevor;08:59:53;17:47:30;1972.606,3817.044,3817.044;;;;
Trevor;08:59:54;17:47:30;1972.606,3817.044,3817.044;;;;
Trevor;08:59:55;17:47:31;1972.606,3817.044,3817.044;;;;
Trevor;08:59:55;17:47:31;1972.606,3817.044,3817.044;;;;
Trevor;08:59:56;17:47:32;1972.606,3817.044,3817.044;;;;
Trevor;08:59:56;17:47:32;1972.606,3817.044,3817.044;;;;
Trevor;08:59:57;17:47:33;1972.606,3817.044,3817.044;;;;
Trevor;08:59:57;17:47:33;1972.606,3817.044,3817.044;;;;
Trevor;08:59:58;17:47:34;1972.606,3817.044,3817.044;;;;
Trevor;08:59:58;17:47:34;1972.606,3817.044,3817.044;;;;
Trevor;08:59:59;17:47:35;1972.606,3817.044,3817.044;;;;
Trevor;08:59:59;17:47:35;1972.606,3817.044,3817.044;;;;
Trevor;09:00:00;17:47:36;1972.606,3817.044,3817.044;;;;
Trevor;09:00:00;17:47:36;1972.606,3817.044,3817.044;;;;
Trevor;09:00:01;17:47:37;1972.606,3817.044,3817.044;;;;
Trevor;09:00:01;17:47:37;1972.606,3817.044,3817.044;;;;
Trevor;09:00:02;17:47:38;1972.606,3817.044,3817.044;;;;
Trevor;09:00:02;17:47:38;1972.606,3817.044,3817.044;;;;
Trevor;09:00:03;17:47:39;1972.606,3817.044,3817.044;;;;
Trevor;09:00:03;17:47:40;1972.606,3817.044,3817.044;;;;
Trevor;09:00:04;17:47:40;1972.606,3817.044,3817.044;;;;
Trevor;09:00:04;17:47:41;1972.606,3817.044,3817.044;;;;
Trevor;09:00:05;17:47:41;1972.606,3817.044,3817.044;;;;
Trevor;09:00:05;17:47:42;1972.606,3817.044,3817.044;;;;
Trevor;09:00:06;17:47:42;1972.606,3817.044,3817.044;;;;
Trevor;09:00:06;17:47:43;1972.606,3817.044,3817.044;;;;
Trevor;09:00:07;17:47:43;1972.606,3817.044,3817.044;;;;
Trevor;09:00:07;17:47:44;1972.606,3817.044,3817.044;;;;
Trevor;09:00:08;17:47:44;1972.606,3817.044,3817.044;;;;
Trevor;09:00:09;17:47:45;1972.606,3817.044,3817.044;;;;
Trevor;09:00:09;17:47:45;1972.606,3817.044,3817.044;;;;
Trevor;09:00:10;17:47:46;1972.606,3817.044,3817.044;;;;
Trevor;09:00:10;17:47:46;1972.606,3817.044,3817.044;;;;
Trevor;09:00:11;17:47:47;1972.606,3817.044,3817.044;;;;
Trevor;09:00:11;17:47:47;1972.606,3817.044,3817.044;;;;
Trevor;09:00:12;17:47:48;1972.606,3817.044,3817.044;;;;
Trevor;09:00:12;17:47:48;1972.606,3817.044,3817.044;;;;
Trevor;09:00:13;17:47:49;1972.618,3817.017,3817.017;;;;
Trevor;09:00:13;17:47:50;1972.633,3816.986,3816.986;;;;
Trevor;09:00:14;17:47:50;1972.633,3816.986,3816.986;;;;
Trevor;09:00:15;17:47:51;1972.633,3816.986,3816.986;;;;
Trevor;09:00:15;17:47:51;1972.633,3816.986,3816.986;;;;
Trevor;09:00:16;17:47:52;1972.753,3816.774,3816.774;;;;
Trevor;09:00:16;17:47:52;1973.362,3815.709,3815.709;;;;
Trevor;09:00:17;17:47:53;1975.584,3814.826,3814.826;;;;
Trevor;09:00:17;17:47:53;1977.337,3815.493,3815.493;;;;
Trevor;09:00:18;17:47:54;1979.191,3815.828,3815.828;;;;
Trevor;09:00:18;17:47:54;1981.987,3816.563,3816.563;;;;
Trevor;09:00:19;17:47:55;1984.545,3816.244,3816.244;;;;
Trevor;09:00:19;17:47:55;1985.873,3815.563,3815.563;;;;
Trevor;09:00:20;17:47:56;1985.497,3815.091,3815.091;;;;
Trevor;09:00:20;17:47:57;1984.938,3814.391,3814.391;;;;
Trevor;09:00:21;17:47:57;1984.272,3813.035,3813.035;;;;
Trevor;09:00:21;17:47:58;1982.579,3811.298,3811.298;;;;
Trevor;09:00:22;17:47:58;1981.074,3809.869,3809.869;;;;
Trevor;09:00:22;17:47:59;1980.931,3809.779,3809.779;;;;
Trevor;09:00:23;17:47:59;1980.931,3809.78,3809.78;;;;
Trevor;09:00:23;17:48:00;1981.016,3808.79,3808.79;;;;
Trevor;09:00:24;17:48:00;1981.394,3808.174,3808.174;True,OffRoad,BODHI2,0,006587843,0;;;
Trevor;09:00:25;17:48:01;1981.394,3808.174,3808.174;True,OffRoad,BODHI2,0,002677682,0;;;
Trevor;09:00:25;17:48:01;1981.396,3808.173,3808.173;True,OffRoad,BODHI2,0,006264347,0;;;
Trevor;09:00:26;17:48:02;1981.395,3808.173,3808.173;True,OffRoad,BODHI2,0,0;;;
Trevor;09:00:26;17:48:02;1981.395,3808.173,3808.173;True,OffRoad,BODHI2,0,0;;;
Trevor;09:00:27;17:48:03;1981.395,3808.173,3808.173;True,OffRoad,BODHI2,0,0;;;
Trevor;09:00:27;17:48:03;1981.395,3808.173,3808.173;True,OffRoad,BODHI2,0,0;;;
Trevor;09:00:28;17:48:04;1981.395,3808.173,3808.173;True,OffRoad,BODHI2,0,0;;;
Trevor;09:00:28;17:48:04;1981.395,3808.173,3808.173;True,OffRoad,BODHI2,0,0;;;
Trevor;09:00:29;17:48:10;1981.395,3808.173,3808.173;True,OffRoad,BODHI2,0,0;;;
Trevor;09:00:35;17:48:11;1981.395,3808.173,3808.173;True,OffRoad,BODHI2,0,0;;;
Trevor;09:00:35;17:48:11;1981.333,3808.128,3808.128;True,OffRoad,BODHI2,0,7303255,1;;;
Trevor;09:00:36;17:48:12;1980.511,3807.278,3807.278;True,OffRoad,BODHI2,3,394975,0;;;
Trevor;09:00:36;17:48:12;1979.804,3806.069,3806.069;True,OffRoad,BODHI2,2,790475,1;;;
Trevor;09:00:37;17:48:13;1979.156,3803.752,3803.752;True,OffRoad,BODHI2,6,831836,1;;;
Trevor;09:00:37;17:48:13;1979.752,3800.259,3800.259;True,OffRoad,BODHI2,5,95176,0;;;
Trevor;09:00:38;17:48:14;1981.549,3798.394,3798.394;True,OffRoad,BODHI2,4,12175,0;;;
Trevor;09:00:38;17:48:14;1983.069,3797.762,3797.762;True,OffRoad,BODHI2,1,111381,0;;;
Trevor;09:00:39;17:48:15;1982.888,3798.069,3798.069;True,OffRoad,BODHI2,1,95374,-1;;;
Trevor;09:00:39;17:48:16;1982.615,3798.264,3798.264;True,OffRoad,BODHI2,0,6289743,1;;;
Trevor;09:00:40;17:48:16;1983.734,3798.078,3798.078;True,OffRoad,BODHI2,4,089832,1;;;
Trevor;09:00:40;17:48:17;1987.153,3798.581,3798.581;True,OffRoad,BODHI2,9,02438,1;;;
Trevor;09:00:41;17:48:17;1991.271,3801.121,3801.121;True,OffRoad,BODHI2,9,195648,1;;;
Trevor;09:00:41;17:48:18;1995.272,3803.068,3803.068;True,OffRoad,BODHI2,7,054342,0;;;
Trevor;09:00:42;17:48:18;1997.658,3804.753,3804.753;True,OffRoad,BODHI2,5,430059,1;;;
Trevor;09:00:42;17:48:19;2000.979,3806.305,3806.305;True,OffRoad,BODHI2,8,968679,1;;;
Trevor;09:00:43;17:48:19;2006.041,3806.502,3806.502;True,OffRoad,BODHI2,10,23198,0;;;
Trevor;09:00:44;17:48:20;2010.286,3804.183,3804.183;True,OffRoad,BODHI2,9,80227,1;;;
Trevor;09:00:44;17:48:20;2014.058,3799.728,3799.728;True,OffRoad,BODHI2,12,69874,1;;;
Trevor;09:00:45;17:48:21;2017.692,3793.343,3793.343;True,OffRoad,BODHI2,15,39602,1;;;
Trevor;09:00:45;17:48:21;2022.088,3785.728,3785.728;True,OffRoad,BODHI2,18,1715,1;;;
Trevor;09:00:46;17:48:22;2027.424,3777.114,3777.114;True,OffRoad,BODHI2,19,74467,0;;;
Trevor;09:00:46;17:48:22;2032.39,3768.559,3768.559;True,OffRoad,BODHI2,17,52988,0;;;
Trevor;09:00:47;17:48:23;2037.119,3760.892,3760.892;True,OffRoad,BODHI2,16,38652,1;;;
Trevor;09:00:47;17:48:23;2041.39,3752.68,3752.68;True,OffRoad,BODHI2,17,37527,0;;;
Trevor;09:00:48;17:48:24;2045.154,3745.291,3745.291;True,OffRoad,BODHI2,12,9478,0;;;
Trevor;09:00:48;17:48:24;2048.001,3739.775,3739.775;True,OffRoad,BODHI2,10,79701,0;;;
Trevor;09:00:49;17:48:25;2050.79,3735.45,3735.45;True,OffRoad,BODHI2,8,721417,0;;;
Trevor;09:00:49;17:48:25;2052.63,3732.714,3732.714;True,OffRoad,BODHI2,3,524038,0;;;
Trevor;09:00:50;17:48:26;2053.366,3731.624,3731.624;True,OffRoad,BODHI2,1,587922,0;;;
Trevor;09:00:50;17:48:26;2054.12,3730.814,3730.814;True,OffRoad,BODHI2,3,623926,1;;;
Trevor;09:00:51;17:48:27;2056.158,3728.328,3728.328;True,OffRoad,BODHI2,8,626617,1;;;
Trevor;09:00:51;17:48:28;2059.987,3724.668,3724.668;True,OffRoad,BODHI2,9,195217,0;;;
Trevor;09:00:52;17:48:28;2064.6,3723.999,3723.999;True,OffRoad,BODHI2,10,02534,1;;;
Trevor;09:00:52;17:48:29;2070.772,3724.764,3724.764;True,OffRoad,BODHI2,13,60005,1;;;
Trevor;09:00:53;17:48:29;2078.754,3726.409,3726.409;True,OffRoad,BODHI2,16,88066,1;;;
Trevor;09:00:53;17:48:30;2087.391,3730.533,3730.533;True,OffRoad,BODHI2,19,61992,1;;;
Trevor;09:00:54;17:48:30;2096.816,3736.34,3736.34;True,OffRoad,BODHI2,22,13189,1;;;
Trevor;09:00:55;17:48:31;2106.413,3742.262,3742.262;True,OffRoad,BODHI2,20,81037,0;;;
Trevor;09:00:55;17:48:31;2116.224,3747.554,3747.554;True,OffRoad,BODHI2,22,34221,1;;;
Trevor;09:00:56;17:48:32;2127.469,3752.199,3752.199;True,OffRoad,BODHI2,24,35534,1;;;
Trevor;09:00:56;17:48:32;2138.991,3758.756,3758.756;True,OffRoad,BODHI2,26,45691,1;;;
Trevor;09:00:57;17:48:33;2150.728,3767.313,3767.313;True,OffRoad,BODHI2,28,60774,1;;;
Trevor;09:00:57;17:48:33;2163.37,3776.062,3776.062;True,OffRoad,BODHI2,30,0146,1;;;
Trevor;09:00:58;17:48:34;2176.858,3784.731,3784.731;True,OffRoad,BODHI2,31,14241,1;;;
Trevor;09:00:58;17:48:34;2190.357,3792.751,3792.751;True,OffRoad,BODHI2,28,96622,1;;;
Trevor;09:00:59;17:48:35;2204.628,3798.341,3798.341;True,OffRoad,BODHI2,30,01194,1;;;
Trevor;09:00:59;17:48:35;2218.759,3805.541,3805.541;True,OffRoad,BODHI2,31,23404,1;;;
Trevor;09:01:00;17:48:36;2232.929,3815,3815;True,OffRoad,BODHI2,32,37887,1;;;
Trevor;09:01:00;17:48:36;2247.736,3824.261,3824.261;True,OffRoad,BODHI2,33,62786,1;;;
Trevor;09:01:01;17:48:37;2263.308,3833.155,3833.155;True,OffRoad,BODHI2,33,62304,0;;;
Trevor;09:01:01;17:48:38;2277.904,3841.279,3841.279;True,OffRoad,BODHI2,31,06951,0;;;
Trevor;09:01:02;17:48:38;2291.342,3849.493,3849.493;True,OffRoad,BODHI2,29,33818,0;;;
Trevor;09:01:02;17:48:39;2304.124,3857.369,3857.369;True,OffRoad,BODHI2,28,67302,1;;;
Trevor;09:01:03;17:48:39;2317.298,3865.481,3865.481;True,OffRoad,BODHI2,29,78687,1;;;
Trevor;09:01:03;17:48:40;2330.908,3873.857,3873.857;True,OffRoad,BODHI2,30,80235,1;;;
Trevor;09:01:04;17:48:40;2344.581,3882.301,3882.301;True,OffRoad,BODHI2,30,00746,0;;;
Trevor;09:01:04;17:48:41;2357.012,3891.104,3891.104;True,OffRoad,BODHI2,28,08795,0;;;
Trevor;09:01:05;17:48:41;2367.661,3900.528,3900.528;True,OffRoad,BODHI2,27,65897,1;;;
Trevor;09:01:06;17:48:42;2379.29,3909.799,3909.799;True,OffRoad,BODHI2,28,93369,1;;;
Trevor;09:01:06;17:48:42;2389.896,3921.274,3921.274;True,OffRoad,BODHI2,29,84479,1;;;
Trevor;09:01:07;17:48:43;2398.1,3934.648,3934.648;True,OffRoad,BODHI2,30,88903,1;;;
Trevor;09:01:07;17:48:43;2407.177,3947.625,3947.625;True,OffRoad,BODHI2,28,984,1;;;
Trevor;09:01:08;17:48:44;2418.592,3957.787,3957.787;True,OffRoad,BODHI2,30,0079,1;;;
Trevor;09:01:08;17:48:44;2430.122,3968.704,3968.704;True,OffRoad,BODHI2,30,00596,0;;;
Trevor;09:01:09;17:48:45;2439.041,3980.863,3980.863;True,OffRoad,BODHI2,29,13649,1;;;
Trevor;09:01:09;17:48:45;2447.236,3994.069,3994.069;True,OffRoad,BODHI2,30,28851,1;;;
Trevor;09:01:10;17:48:46;2456.095,4007.664,4007.664;True,OffRoad,BODHI2,31,24385,1;;;
Trevor;09:01:10;17:48:46;2463.444,4021.529,4021.529;True,OffRoad,BODHI2,29,24791,1;;;
Trevor;09:01:11;17:48:47;2469.851,4035.787,4035.787;True,OffRoad,BODHI2,30,23748,1;;;
Trevor;09:01:11;17:48:47;2476.756,4050.216,4050.216;True,OffRoad,BODHI2,31,24538,1;;;
Trevor;09:01:12;17:48:48;2482.918,4065.447,4065.447;True,OffRoad,BODHI2,32,26029,1;;;
Trevor;09:01:12;17:48:48;2490.158,4081.021,4081.021;True,OffRoad,BODHI2,33,19874,1;;;
Trevor;09:01:13;17:48:49;2497.073,4096.493,4096.493;True,OffRoad,BODHI2,29,5827,0;;;
Trevor;09:01:13;17:48:50;2502.216,4108.695,4108.695;True,OffRoad,BODHI2,21,37409,0;;;
Trevor;09:01:14;17:48:50;2505.738,4117.059,4117.059;True,OffRoad,BODHI2,16,15802,0;;;
Trevor;09:01:14;17:48:51;2508.395,4125.215,4125.215;True,OffRoad,BODHI2,17,65759,1;;;
Trevor;09:01:15;17:48:51;2508.094,4133.875,4133.875;True,OffRoad,BODHI2,15,40067,0;;;
Trevor;09:01:15;17:48:52;2503.716,4139.553,4139.553;True,OffRoad,BODHI2,14,18194,1;;;
Trevor;09:01:16;17:48:52;2496.506,4144.138,4144.138;True,OffRoad,BODHI2,18,95811,1;;;
Trevor;09:01:16;17:48:53;2488.511,4151.734,4151.734;True,OffRoad,BODHI2,22,48701,0;;;
Trevor;09:01:17;17:48:53;2481.625,4160.813,4160.813;True,OffRoad,BODHI2,21,12174,1;;;
Trevor;09:01:18;17:48:54;2475.184,4170.46,4170.46;True,OffRoad,BODHI2,23,04048,1;;;
Trevor;09:01:18;17:48:54;2468.98,4181.321,4181.321;True,OffRoad,BODHI2,24,85367,1;;;
Trevor;09:01:19;17:48:55;2463.603,4193.605,4193.605;True,OffRoad,BODHI2,26,7413,1;;;
Trevor;09:01:19;17:48:55;2459.204,4207.249,4207.249;True,OffRoad,BODHI2,28,44404,1;;;
Trevor;09:01:20;17:48:56;2454.826,4222.012,4222.012;True,OffRoad,BODHI2,29,66338,1;;;
Trevor;09:01:20;17:48:56;2452.03,4237.657,4237.657;True,OffRoad,BODHI2,30,82076,1;;;
Trevor;09:01:21;17:48:57;2450.572,4253.771,4253.771;True,OffRoad,BODHI2,29,77644,0;;;
Trevor;09:01:21;17:48:57;2450.959,4269.107,4269.107;True,OffRoad,BODHI2,29,88362,1;;;
Trevor;09:01:22;17:48:58;2452.928,4285.001,4285.001;True,OffRoad,BODHI2,31,05048,1;;;
Trevor;09:01:22;17:48:58;2455.134,4301.218,4301.218;True,OffRoad,BODHI2,32,15244,1;;;
Trevor;09:01:23;17:48:59;2458.324,4318.093,4318.093;True,OffRoad,BODHI2,33,16549,1;;;
Trevor;09:01:23;17:48:59;2462.377,4335.4,4335.4;True,OffRoad,BODHI2,34,20358,1;;;
Trevor;09:01:24;17:49:00;2467.737,4352.732,4352.732;True,OffRoad,BODHI2,35,06194,0;;;
Trevor;09:01:24;17:49:00;2473.472,4369.289,4369.289;True,OffRoad,BODHI2,32,55802,0;;;
Trevor;09:01:25;17:49:01;2478.514,4385.241,4385.241;True,OffRoad,BODHI2,30,00997,0;;;
Trevor;09:01:25;17:49:02;2483.212,4400.094,4400.094;True,OffRoad,BODHI2,29,97663,1;;;
Trevor;09:01:26;17:49:02;2486.732,4415.877,4415.877;True,OffRoad,BODHI2,30,38851,0;;;
Trevor;09:01:26;17:49:03;2487.678,4431.474,4431.474;True,OffRoad,BODHI2,29,57767,1;;;
Trevor;09:01:27;17:49:03;2487.83,4447.451,4447.451;True,OffRoad,BODHI2,30,96276,1;;;
Trevor;09:01:27;17:49:04;2488.57,4463.766,4463.766;True,OffRoad,BODHI2,30,18626,0;;;
Trevor;09:01:28;17:49:04;2487.863,4478.641,4478.641;True,OffRoad,BODHI2,25,51063,0;;;
Trevor;09:01:29;17:49:05;2487,4491.423,4491.423;True,OffRoad,BODHI2,23,36777,0;;;
Trevor;09:01:29;17:49:05;2485.852,4503.412,4503.412;True,OffRoad,BODHI2,22,16441,0;;;
Trevor;09:01:30;17:49:06;2484.063,4513.609,4513.609;True,OffRoad,BODHI2,17,65844,0;;;
Trevor;09:01:30;17:49:06;2482.446,4522.197,4522.197;True,OffRoad,BODHI2,15,57612,0;;;
Trevor;09:01:31;17:49:07;2480.708,4528.604,4528.604;True,OffRoad,BODHI2,11,58603,0;;;
Trevor;09:01:31;17:49:07;2478.543,4533.596,4533.596;True,OffRoad,BODHI2,9,856319,1;;;
Trevor;09:01:32;17:49:08;2476.461,4538.79,4538.79;True,OffRoad,BODHI2,10,73794,0;;;
Trevor;09:01:32;17:49:08;2474.328,4544.623,4544.623;True,OffRoad,BODHI2,13,16617,1;;;
Trevor;09:01:33;17:49:09;2471.383,4551.149,4551.149;True,OffRoad,BODHI2,12,79491,0;;;
Trevor;09:01:33;17:49:09;2469.169,4555.961,4555.961;True,OffRoad,BODHI2,8,310977,0;;;
Trevor;09:01:34;17:49:10;2467.328,4559.962,4559.962;True,OffRoad,BODHI2,8,961936,1;;;
Trevor;09:01:34;17:49:10;2465.204,4564.584,4564.584;True,OffRoad,BODHI2,10,95423,0;;;
Trevor;09:01:35;17:49:11;2462.916,4569.577,4569.577;True,OffRoad,BODHI2,10,10528,0;;;
Trevor;09:01:35;17:49:12;2460.878,4574.023,4574.023;True,OffRoad,BODHI2,9,251783,1;;;
Trevor;09:01:36;17:49:12;2458.649,4578.897,4578.897;True,OffRoad,BODHI2,10,34222,0;;;
Trevor;09:01:36;17:49:13;2456.552,4583.629,4583.629;True,OffRoad,BODHI2,10,48464,1;;;
Trevor;09:01:37;17:49:13;2454.58,4589.559,4589.559;True,OffRoad,BODHI2,13,38181,1;;;
Trevor;09:01:37;17:49:14;2453.372,4597.124,4597.124;True,OffRoad,BODHI2,14,35524,0;;;
Trevor;09:01:38;17:49:14;2455.72,4604.962,4604.962;True,OffRoad,BODHI2,17,18919,1;;;
Trevor;09:01:38;17:49:15;2461.492,4612.977,4612.977;True,OffRoad,BODHI2,20,40471,1;;;
Trevor;09:01:39;17:49:15;2469.157,4621.222,4621.222;True,OffRoad,BODHI2,21,92999,0;;;
Trevor;09:01:40;17:49:16;2477.316,4628.818,4628.818;True,OffRoad,BODHI2,21,8824,1;;;
Trevor;09:01:40;17:49:16;2485.919,4637.461,4637.461;True,OffRoad,BODHI2,24,1212,1;;;
Trevor;09:01:41;17:49:17;2495.4,4646.589,4646.589;True,OffRoad,BODHI2,26,29342,1;;;
Trevor;09:01:41;17:49:17;2506.287,4655.7,4655.7;True,OffRoad,BODHI2,28,20903,1;;;
Trevor;09:01:42;17:49:18;2517.233,4666.267,4666.267;True,OffRoad,BODHI2,28,41089,0;;;
Trevor;09:01:42;17:49:18;2526.675,4677.004,4677.004;True,OffRoad,BODHI2,26,69948,1;;;
Trevor;09:01:43;17:49:19;2535.305,4688.388,4688.388;True,OffRoad,BODHI2,28,1117,1;;;
Trevor;09:01:43;17:49:19;2544.812,4699.97,4699.97;True,OffRoad,BODHI2,29,53001,1;;;
Trevor;09:01:44;17:49:20;2556.566,4710.417,4710.417;True,OffRoad,BODHI2,30,822,1;;;
Trevor;09:01:44;17:49:20;2568.995,4720.75,4720.75;True,OffRoad,BODHI2,29,67752,0;;;
Trevor;09:01:45;17:49:21;2579.515,4731.939,4731.939;True,OffRoad,BODHI2,29,83122,1;;;
Trevor;09:01:45;17:49:21;2590.765,4743.347,4743.347;True,OffRoad,BODHI2,31,08364,1;;;
Trevor;09:01:46;17:49:22;2602.666,4755.144,4755.144;True,OffRoad,BODHI2,32,2977,1;;;
Trevor;09:01:46;17:49:23;2615.131,4766.912,4766.912;True,OffRoad,BODHI2,32,6559,0;;;
Trevor;09:01:47;17:49:23;2627.316,4777.867,4777.867;True,OffRoad,BODHI2,31,2084,1;;;
Trevor;09:01:47;17:49:24;2638.3,4788.898,4788.898;True,OffRoad,BODHI2,29,26637,1;;;
Trevor;09:01:48;17:49:24;2648.769,4800.542,4800.542;True,OffRoad,BODHI2,30,16789,1;;;
Trevor;09:01:48;17:49:25;2660.237,4811.697,4811.697;True,OffRoad,BODHI2,31,32646,1;;;
Trevor;09:01:49;17:49:25;2672.558,4823.266,4823.266;True,OffRoad,BODHI2,32,40644,1;;;
Trevor;09:01:49;17:49:26;2685.102,4835.389,4835.389;True,OffRoad,BODHI2,33,4397,1;;;
Trevor;09:01:50;17:49:26;2697.108,4848.616,4848.616;True,OffRoad,BODHI2,34,51065,1;;;
Trevor;09:01:51;17:49:27;2710.719,4860.892,4860.892;True,OffRoad,BODHI2,35,67084,1;;;
Trevor;09:01:51;17:49:27;2724.479,4873.816,4873.816;True,OffRoad,BODHI2,36,60279,1;;;
Trevor;09:01:52;17:49:28;2738.26,4887.459,4887.459;True,OffRoad,BODHI2,36,32312,0;;;
Trevor;09:01:52;17:49:28;2751.11,4900.2,4900.2;True,OffRoad,BODHI2,34,16786,1;;;
Trevor;09:01:53;17:49:29;2763.676,4913.12,4913.12;True,OffRoad,BODHI2,34,50588,0;;;
Trevor;09:01:53;17:49:29;2775.252,4926.441,4926.441;True,OffRoad,BODHI2,33,67188,1;;;
Trevor;09:01:54;17:49:30;2788.482,4939.147,4939.147;True,OffRoad,BODHI2,34,76951,1;;;
Trevor;09:01:54;17:49:30;2801.804,4951.887,4951.887;True,OffRoad,BODHI2,35,75398,1;;;
Trevor;09:01:55;17:49:31;2814.772,4965.422,4965.422;True,OffRoad,BODHI2,36,48,1;;;
Trevor;09:01:55;17:49:31;2828.091,4979.365,4979.365;True,OffRoad,BODHI2,34,9243,0;;;
Trevor;09:01:56;17:49:32;2840.22,4992.445,4992.445;True,OffRoad,BODHI2,34,30204,0;;;
Trevor;09:01:56;17:49:32;2852.586,5005.057,5005.057;True,OffRoad,BODHI2,32,9906,1;;;
Trevor;09:01:57;17:49:33;2866.052,5016.324,5016.324;True,OffRoad,BODHI2,34,18165,1;;;
Trevor;09:01:57;17:49:34;2880.515,5025.681,5025.681;True,OffRoad,BODHI2,31,67787,0;;;
Trevor;09:01:58;17:49:34;2895.572,5030.322,5030.322;True,OffRoad,BODHI2,28,97531,1;;;
Trevor;09:01:58;17:49:35;2910.859,5032.023,5032.023;True,OffRoad,BODHI2,29,93099,1;;;
Trevor;09:01:59;17:49:35;2926.838,5034.654,5034.654;True,OffRoad,BODHI2,31,1727,1;;;
Trevor;09:01:59;17:49:36;2942.515,5036.797,5036.797;True,OffRoad,BODHI2,29,59967,1;;;
Trevor;09:02:00;17:49:36;2958.337,5038.861,5038.861;True,OffRoad,BODHI2,31,04843,1;;;
Trevor;09:02:00;17:49:37;2973.978,5040.912,5040.912;True,OffRoad,BODHI2,29,5564,1;;;
Trevor;09:02:01;17:49:37;2989.199,5042.35,5042.35;True,OffRoad,BODHI2,28,55962,0;;;
Trevor;09:02:02;17:49:38;3004.255,5042.709,5042.709;True,OffRoad,BODHI2,29,25431,1;;;
Trevor;09:02:02;17:49:38;3019.775,5042.399,5042.399;True,OffRoad,BODHI2,30,83417,1;;;
Trevor;09:02:03;17:49:39;3035.428,5040.203,5040.203;True,OffRoad,BODHI2,29,53611,0;;;
Trevor;09:02:03;17:49:39;3050.947,5038.266,5038.266;True,OffRoad,BODHI2,30,72542,1;;;
Trevor;09:02:04;17:49:40;3067.126,5036.732,5036.732;True,OffRoad,BODHI2,31,98999,1;;;
Trevor;09:02:04;17:49:40;3084.206,5036.304,5036.304;True,OffRoad,BODHI2,33,26447,1;;;
Trevor;09:02:05;17:49:41;3102.115,5036.338,5036.338;True,OffRoad,BODHI2,34,5616,1;;;
Trevor;09:02:05;17:49:41;3120.441,5035.755,5035.755;True,OffRoad,BODHI2,35,93066,1;;;
Trevor;09:02:06;17:49:42;3139.638,5034.776,5034.776;True,OffRoad,BODHI2,36,7312,0;;;
Trevor;09:02:06;17:49:42;3158.031,5033.298,5033.298;True,OffRoad,BODHI2,34,25011,0;;;
Trevor;09:02:07;17:49:43;3175.215,5030.25,5030.25;True,OffRoad,BODHI2,33,36512,1;;;
Trevor;09:02:07;17:49:43;3192.104,5023.891,5023.891;True,OffRoad,BODHI2,34,37392,1;;;
Trevor;09:02:08;17:49:44;3208.912,5017.088,5017.088;True,OffRoad,BODHI2,35,66453,1;;;
Trevor;09:02:08;17:49:45;3227,5011.17,5011.17;True,OffRoad,BODHI2,36,43198,1;;;
Trevor;09:02:09;17:49:45;3245.428,5004.86,5004.86;True,OffRoad,BODHI2,36,95416,1;;;
Trevor;09:02:09;17:49:46;3263.992,4998.276,4998.276;True,OffRoad,BODHI2,36,60209,0;;;
Trevor;09:02:10;17:49:46;3281.247,4991.322,4991.322;True,OffRoad,BODHI2,33,50444,0;;;
Trevor;09:02:10;17:49:47;3297.517,4985.452,4985.452;True,OffRoad,BODHI2,30,51165,0;;;
Trevor;09:02:11;17:49:47;3312.093,4979.819,4979.819;True,OffRoad,BODHI2,28,1958,0;;;
Trevor;09:02:12;17:49:48;3324.08,4972.22,4972.22;True,OffRoad,BODHI2,27,78889,1;;;
Trevor;09:02:12;17:49:48;3334.755,4961.712,4961.712;True,OffRoad,BODHI2,29,01002,1;;;
Trevor;09:02:13;17:49:49;3345.714,4950.934,4950.934;True,OffRoad,BODHI2,29,97995,1;;;
Trevor;09:02:13;17:49:49;3356.165,4938.803,4938.803;True,OffRoad,BODHI2,30,68434,0;;;
Trevor;09:02:14;17:49:50;3366.743,4927.902,4927.902;True,OffRoad,BODHI2,27,65926,0;;;
Trevor;09:02:14;17:49:50;3377.302,4918.896,4918.896;True,OffRoad,BODHI2,26,10291,1;;;
Trevor;09:02:15;17:49:51;3387.777,4909.054,4909.054;True,OffRoad,BODHI2,28,82904,1;;;
Trevor;09:02:15;17:49:51;3399.329,4898.249,4898.249;True,OffRoad,BODHI2,30,89787,1;;;
Trevor;09:02:16;17:49:52;3410.332,4886.871,4886.871;True,OffRoad,BODHI2,29,64719,0;;;
Trevor;09:02:16;17:49:52;3420.847,4875.835,4875.835;True,OffRoad,BODHI2,27,58323,0;;;
Trevor;09:02:17;17:49:53;3429.881,4865.184,4865.184;True,OffRoad,BODHI2,26,66002,1;;;
Trevor;09:02:17;17:49:53;3437.349,4852.962,4852.962;True,OffRoad,BODHI2,28,22045,1;;;
Trevor;09:02:18;17:49:54;3443.78,4839.1,4839.1;True,OffRoad,BODHI2,29,80877,1;;;
Trevor;09:02:18;17:49:55;3450.761,4824.584,4824.584;True,OffRoad,BODHI2,31,04984,1;;;
Trevor;09:02:19;17:49:55;3456.385,4809.804,4809.804;True,OffRoad,BODHI2,29,32125,0;;;
Trevor;09:02:19;17:49:56;3459.869,4794.943,4794.943;True,OffRoad,BODHI2,29,93241,1;;;
Trevor;09:02:20;17:49:56;3461.803,4779.26,4779.26;True,OffRoad,BODHI2,30,79476,1;;;
Trevor;09:02:20;17:49:57;3464.546,4763.838,4763.838;True,OffRoad,BODHI2,30,19646,1;;;
Trevor;09:02:21;17:49:57;3467.085,4748.776,4748.776;True,OffRoad,BODHI2,29,3527,1;;;
Trevor;09:02:21;17:49:58;3469.586,4733.985,4733.985;True,OffRoad,BODHI2,29,24812,1;;;
Trevor;09:02:22;17:49:58;3471.744,4718.741,4718.741;True,OffRoad,BODHI2,29,59473,1;;;
Trevor;09:02:23;17:49:59;3474.664,4703.236,4703.236;True,OffRoad,BODHI2,30,21109,1;;;
Trevor;09:02:23;17:49:59;3477.184,4687.102,4687.102;True,OffRoad,BODHI2,31,08677,1;;;
Trevor;09:02:24;17:50:00;3478.897,4670.657,4670.657;True,OffRoad,BODHI2,31,30584,1;;;
Trevor;09:02:24;17:50:00;3481.192,4655.033,4655.033;True,OffRoad,BODHI2,28,62536,0;;;
Trevor;09:02:25;17:50:01;3484.685,4641.41,4641.41;True,OffRoad,BODHI2,25,82677,0;;;
Trevor;09:02:25;17:50:01;3488.833,4628.416,4628.416;True,OffRoad,BODHI2,27,42177,1;;;
Trevor;09:02:26;17:50:02;3494.768,4613.735,4613.735;True,OffRoad,BODHI2,30,81736,0;;;
Trevor;09:02:26;17:50:02;3500.357,4599.523,4599.523;True,OffRoad,BODHI2,27,84182,0;;;
Trevor;09:02:27;17:50:03;3506.128,4586.257,4586.257;True,OffRoad,BODHI2,27,02513,0;;;
Trevor;09:02:27;17:50:03;3512.64,4574.357,4574.357;True,OffRoad,BODHI2,25,33794,0;;;
Trevor;09:02:28;17:50:04;3521.418,4565.244,4565.244;True,OffRoad,BODHI2,23,14225,0;;;
Trevor;09:02:28;17:50:05;3531.06,4558.694,4558.694;True,OffRoad,BODHI2,21,63753,1;;;
Trevor;09:02:29;17:50:05;3541.416,4553.316,4553.316;True,OffRoad,BODHI2,23,80377,1;;;
Trevor;09:02:29;17:50:06;3553.156,4547.317,4547.317;True,OffRoad,BODHI2,27,42172,1;;;
Trevor;09:02:30;17:50:06;3566.264,4539.888,4539.888;True,OffRoad,BODHI2,30,68231,1;;;
Trevor;09:02:30;17:50:07;3579.67,4531.254,4531.254;True,OffRoad,BODHI2,29,86361,0;;;
Trevor;09:02:31;17:50:07;3591.952,4522.679,4522.679;True,OffRoad,BODHI2,28,31765,0;;;
Trevor;09:02:31;17:50:08;3604.479,4515.105,4515.105;True,OffRoad,BODHI2,29,07131,1;;;
Trevor;09:02:32;17:50:08;3617.769,4506.911,4506.911;True,OffRoad,BODHI2,30,98894,0;;;
Trevor;09:02:32;17:50:09;3630.976,4498.816,4498.816;True,OffRoad,BODHI2,29,50939,0;;;
Trevor;09:02:33;17:50:09;3644.443,4491.338,4491.338;True,OffRoad,BODHI2,31,12259,1;;;
Trevor;09:02:34;17:50:10;3658.334,4483.723,4483.723;True,OffRoad,BODHI2,30,08562,0;;;
Trevor;09:02:34;17:50:10;3671.562,4476.224,4476.224;True,OffRoad,BODHI2,28,8553,0;;;
Trevor;09:02:35;17:50:11;3683.563,4467.913,4467.913;True,OffRoad,BODHI2,26,75571,0;;;
Trevor;09:02:35;17:50:11;3693.171,4458.315,4458.315;True,OffRoad,BODHI2,25,01823,0;;;
Trevor;09:02:36;17:50:12;3699.975,4447.648,4447.648;True,OffRoad,BODHI2,22,99946,0;;;
Trevor;09:02:36;17:50:12;3705.062,4438.35,4438.35;True,OffRoad,BODHI2,18,18954,0;;;
Trevor;09:02:37;17:50:13;3709.52,4430.443,4430.443;True,OffRoad,BODHI2,16,35398,0;;;
Trevor;09:02:37;17:50:13;3714.727,4424.419,4424.419;True,OffRoad,BODHI2,14,39193,0;;;
Trevor;09:02:38;17:50:14;3720.854,4421.123,4421.123;True,OffRoad,BODHI2,12,25957,0;;;
Trevor;09:02:38;17:50:14;3727.601,4421.22,4421.22;True,OffRoad,BODHI2,13,34018,0;;;
Trevor;09:02:39;17:50:15;3734.158,4420.995,4420.995;True,OffRoad,BODHI2,11,9793,0;;;
Trevor;09:02:39;17:50:16;3740.042,4421.021,4421.021;True,OffRoad,BODHI2,11,14154,0;;;
Trevor;09:02:40;17:50:16;3745.253,4421.977,4421.977;True,OffRoad,BODHI2,9,950292,0;;;
Trevor;09:02:40;17:50:17;3749.624,4423.963,4423.963;True,OffRoad,BODHI2,8,687954,0;;;
Trevor;09:02:41;17:50:17;3752.477,4426.952,4426.952;True,OffRoad,BODHI2,7,376829,0;;;
Trevor;09:02:41;17:50:18;3754.516,4429.894,4429.894;True,OffRoad,BODHI2,6,586705,0;;;
Trevor;09:02:42;17:50:18;3755.991,4432.682,4432.682;True,OffRoad,BODHI2,5,874256,0;;;
Trevor;09:02:42;17:50:19;3757.26,4435.251,4435.251;True,OffRoad,BODHI2,5,336668,0;;;
Trevor;09:02:43;17:50:19;3758.254,4437.875,4437.875;True,OffRoad,BODHI2,6,593746,0;;;
Trevor;09:02:44;17:50:20;3759.178,4440.813,4440.813;True,OffRoad,BODHI2,5,238979,0;;;
Trevor;09:02:44;17:50:20;3760.005,4443.003,4443.003;True,OffRoad,BODHI2,3,908879,0;;;
Trevor;09:02:44;17:50:23;3760.252,4444.075,4444.075;True,OffRoad,BODHI2,3,408673,0;;;
Trevor;09:02:47;17:50:24;3760.604,4445.553,4445.553;True,OffRoad,BODHI2,2,590375,0;;;
Trevor;09:02:48;17:50:24;3760.851,4446.623,4446.623;True,OffRoad,BODHI2,0,4503964,0;;;
Trevor;09:02:49;17:50:25;3760.806,4446.429,4446.429;True,OffRoad,BODHI2,1,29073,-1;;;
Trevor;09:02:49;17:50:25;3760.299,4445.166,4445.166;True,OffRoad,BODHI2,4,190769,-1;;;
Trevor;09:02:50;17:50:26;3759.311,4442.251,4442.251;True,OffRoad,BODHI2,7,764591,-1;;;
Trevor;09:02:50;17:50:26;3757.991,4438.535,4438.535;True,OffRoad,BODHI2,6,39896,0;;;
Trevor;09:02:51;17:50:27;3755.899,4437.21,4437.21;True,OffRoad,BODHI2,2,095201,0;;;
Trevor;09:02:51;17:50:27;3756.131,4437.134,4437.134;True,OffRoad,BODHI2,1,906055,1;;;
Trevor;09:02:52;17:50:28;3757.623,4436.443,4436.443;True,OffRoad,BODHI2,3,140832,0;;;
Trevor;09:02:52;17:50:28;3758.01,4435.945,4435.945;True,OffRoad,BODHI2,0,7620754,-1;;;
Trevor;09:02:53;17:50:29;3756.92,4436.475,4436.475;True,OffRoad,BODHI2,3,741477,-1;;;
Trevor;09:02:53;17:50:29;3755.575,4437.419,4437.419;True,OffRoad,BODHI2,0,3113469,1;;;
Trevor;09:02:54;17:50:30;3755.753,4437.158,4437.158;True,OffRoad,BODHI2,1,651883,1;;;
Trevor;09:02:54;17:50:30;3756.145,4435.609,4435.609;True,OffRoad,BODHI2,5,128095,1;;;
Trevor;09:02:55;17:50:31;3755.831,4433.342,4433.342;True,OffRoad,BODHI2,5,232801,1;;;
Trevor;09:02:55;17:50:31;3753.7,4430.131,4430.131;True,OffRoad,BODHI2,9,999755,1;;;
Trevor;09:02:56;17:50:32;3749.801,4426.771,4426.771;True,OffRoad,BODHI2,8,721893,0;;;
Trevor;09:02:56;17:50:33;3745.672,4424.195,4424.195;True,OffRoad,BODHI2,9,955653,1;;;
Trevor;09:02:57;17:50:33;3741.7,4423.898,4423.898;True,OffRoad,BODHI2,6,482565,0;;;
Trevor;09:02:57;17:50:34;3739.406,4423.653,4423.653;True,OffRoad,BODHI2,2,940287,0;;;
Trevor;09:02:58;17:50:34;3738.72,4423.549,4423.549;True,OffRoad,BODHI2,0,4673431,0;;;
Trevor;09:02:58;17:50:35;3738.704,4423.549,4423.549;True,OffRoad,BODHI2,0,1597128,0;;;
Trevor;09:02:59;17:50:35;3738.703,4423.549,4423.549;True,OffRoad,BODHI2,0,0;;;
Trevor;09:03:00;17:50:36;3738.703,4423.549,4423.549;True,OffRoad,BODHI2,0,0;;;
Trevor;09:03:00;17:50:36;3738.703,4423.549,4423.549;True,OffRoad,BODHI2,0,0;;;
Trevor;09:03:01;17:50:37;3738.703,4423.549,4423.549;True,OffRoad,BODHI2,0,0;;;
Trevor;09:03:01;17:50:37;3738.703,4423.549,4423.549;True,OffRoad,BODHI2,0,0;;;
Trevor;09:03:02;17:50:38;3738.703,4423.549,4423.549;True,OffRoad,BODHI2,0,0;;;
Trevor;09:03:02;17:50:38;3738.703,4423.549,4423.549;True,OffRoad,BODHI2,0,0;;;
Trevor;09:03:03;17:50:39;3738.703,4423.549,4423.549;True,OffRoad,BODHI2,0,0;;;
Trevor;09:03:03;17:50:39;3738.703,4423.549,4423.549;True,OffRoad,BODHI2,0,0;;;
Trevor;09:03:04;17:50:40;3738.703,4423.549,4423.549;True,OffRoad,BODHI2,0,0;;;
Trevor;09:03:04;17:50:40;3738.703,4423.549,4423.549;True,OffRoad,BODHI2,0,0;;;
Trevor;09:03:05;17:50:41;3738.703,4423.549,4423.549;True,OffRoad,BODHI2,0,0;Agent Steve Haines... man.;FRANKLIN;PRS_SEAA
???;09:03:05;17:50:41;0,0,0;;;;
???;09:03:06;17:50:42;0,0,0;;;;
???;09:03:06;17:50:42;0,0,0;;;;
???;09:03:07;17:50:43;0,0,0;;;;
char;time_ingame;time_rw;pos;vehicle;subtitles_text;speaker;soundfile
Franklin;09:03:11;17:50:47;3348.654,4946.782,4946.782;True,Motorcycles,BAGGER,9,377719,0;;;
Franklin;09:03:11;17:50:48;3351.581,4943.453,4943.453;True,Motorcycles,BAGGER,6,449586,0;;;
Franklin;09:03:12;17:50:48;3353.322,4941.474,4941.474;True,Motorcycles,BAGGER,3,79323,0;;;
Franklin;09:03:12;17:50:49;3354.179,4940.545,4940.545;True,Motorcycles,BAGGER,1,157494,0;;;
Franklin;09:03:13;17:50:49;3354.272,4940.476,4940.476;True,Motorcycles,BAGGER,0,02100651,0;;;
Franklin;09:03:13;17:50:50;3354.273,4940.476,4940.476;True,Motorcycles,BAGGER,0,0;;;
Franklin;09:03:14;17:50:50;3354.273,4940.476,4940.476;True,Motorcycles,BAGGER,0,0;;;
Franklin;09:03:14;17:50:51;3354.273,4940.476,4940.476;True,Motorcycles,BAGGER,0,0;;;
Franklin;09:03:20;17:50:56;3354.272,4940.482,4940.482;True,Motorcycles,BAGGER,0,07271364,1;;;
Franklin;09:03:20;17:50:57;3354.495,4940.169,4940.169;True,Motorcycles,BAGGER,2,135423,1;;;
Franklin;09:03:21;17:50:57;3356.001,4938.446,4938.446;True,Motorcycles,BAGGER,6,462577,1;;;
Franklin;09:03:22;17:50:58;3358.859,4935.242,4935.242;True,Motorcycles,BAGGER,9,996318,1;;;
Franklin;09:03:22;17:50:58;3362.213,4931.49,4931.49;True,Motorcycles,BAGGER,8,6906,1;;;
Franklin;09:03:23;17:50:59;3365.717,4928.32,4928.32;True,Motorcycles,BAGGER,9,90393,1;;;
Franklin;09:03:23;17:50:59;3369.661,4924.512,4924.512;True,Motorcycles,BAGGER,11,26037,1;;;
Franklin;09:03:24;17:51:00;3373.98,4919.718,4919.718;True,Motorcycles,BAGGER,13,14022,1;;;
Franklin;09:03:24;17:51:00;3379.343,4914.772,4914.772;True,Motorcycles,BAGGER,15,03761,1;;;
Franklin;09:03:25;17:51:01;3385.396,4908.856,4908.856;True,Motorcycles,BAGGER,17,1198,1;;;
Franklin;09:03:25;17:51:01;3392.737,4902.958,4902.958;True,Motorcycles,BAGGER,19,11561,1;;;
Franklin;09:03:26;17:51:02;3400.441,4895.599,4895.599;True,Motorcycles,BAGGER,21,21345,1;;;
Franklin;09:03:26;17:51:02;3408.737,4887.552,4887.552;True,Motorcycles,BAGGER,22,86844,1;;;
Franklin;09:03:27;17:51:03;3416.998,4879.534,4879.534;True,Motorcycles,BAGGER,21,56094,1;;;
Franklin;09:03:27;17:51:03;3425.406,4871.369,4871.369;True,Motorcycles,BAGGER,22,7894,1;;;
Franklin;09:03:28;17:51:04;3432.695,4862.62,4862.62;True,Motorcycles,BAGGER,20,84086,1;;;
Franklin;09:03:28;17:51:05;3438.682,4853.292,4853.292;True,Motorcycles,BAGGER,21,93601,1;;;
Franklin;09:03:29;17:51:05;3444.342,4843.042,4843.042;True,Motorcycles,BAGGER,23,07352,1;;;
Franklin;09:03:29;17:51:06;3448.769,4831.674,4831.674;True,Motorcycles,BAGGER,23,96342,1;;;
Franklin;09:03:30;17:51:06;3453.044,4819.431,4819.431;True,Motorcycles,BAGGER,25,05725,1;;;
Franklin;09:03:30;17:51:07;3456.501,4806.487,4806.487;True,Motorcycles,BAGGER,25,86399,1;;;
Franklin;09:03:31;17:51:07;3459.39,4793.273,4793.273;True,Motorcycles,BAGGER,26,28569,1;;;
Franklin;09:03:31;17:51:08;3461.101,4779.973,4779.973;True,Motorcycles,BAGGER,26,1075,1;;;
Franklin;09:03:32;17:51:08;3463.153,4766.891,4766.891;True,Motorcycles,BAGGER,24,59391,1;;;
Franklin;09:03:33;17:51:09;3465.356,4754.894,4754.894;True,Motorcycles,BAGGER,22,85916,1;;;
Franklin;09:03:33;17:51:09;3467.422,4743.741,4743.741;True,Motorcycles,BAGGER,21,53369,1;;;
Franklin;09:03:34;17:51:10;3469.065,4732.896,4732.896;True,Motorcycles,BAGGER,20,55619,1;;;
Franklin;09:03:34;17:51:10;3470.936,4722.714,4722.714;True,Motorcycles,BAGGER,19,868,1;;;
Franklin;09:03:35;17:51:11;3472.504,4712.601,4712.601;True,Motorcycles,BAGGER,19,47903,1;;;
Franklin;09:03:35;17:51:11;3474.094,4702.65,4702.65;True,Motorcycles,BAGGER,19,59284,1;;;
Franklin;09:03:36;17:51:12;3476.135,4692.342,4692.342;True,Motorcycles,BAGGER,20,28414,1;;;
Franklin;09:03:36;17:51:12;3477.764,4681.648,4681.648;True,Motorcycles,BAGGER,20,70874,1;;;
Franklin;09:03:37;17:51:13;3478.696,4670.968,4670.968;True,Motorcycles,BAGGER,20,77682,1;;;
Franklin;09:03:37;17:51:13;3480.522,4660.167,4660.167;True,Motorcycles,BAGGER,21,10736,1;;;
Franklin;09:03:38;17:51:14;3482.002,4649.098,4649.098;True,Motorcycles,BAGGER,21,30258,1;;;
Franklin;09:03:38;17:51:14;3484.828,4638.477,4638.477;True,Motorcycles,BAGGER,20,95182,0;;;
Franklin;09:03:39;17:51:15;3488.475,4628.354,4628.354;True,Motorcycles,BAGGER,20,46381,1;;;
Franklin;09:03:39;17:51:16;3492.19,4618.599,4618.599;True,Motorcycles,BAGGER,19,349,0;;;
Franklin;09:03:40;17:51:16;3495.605,4609.655,4609.655;True,Motorcycles,BAGGER,17,57683,0;;;
Franklin;09:03:40;17:51:17;3498.703,4601.551,4601.551;True,Motorcycles,BAGGER,16,41235,1;;;
Franklin;09:03:41;17:51:17;3502.224,4593.233,4593.233;True,Motorcycles,BAGGER,18,04435,1;;;
Franklin;09:03:41;17:51:18;3506.501,4584.245,4584.245;True,Motorcycles,BAGGER,20,19304,1;;;
Franklin;09:03:42;17:51:18;3511.932,4575.063,4575.063;True,Motorcycles,BAGGER,20,33478,0;;;
Franklin;09:03:42;17:51:19;3518.006,4566.863,4566.863;True,Motorcycles,BAGGER,18,57489,0;;;
Franklin;09:03:43;17:51:19;3524.924,4560.249,4560.249;True,Motorcycles,BAGGER,19,31339,1;;;
Franklin;09:03:44;17:51:20;3533.649,4554.158,4554.158;True,Motorcycles,BAGGER,21,20508,1;;;
Franklin;09:03:44;17:51:20;3543.788,4548.649,4548.649;True,Motorcycles,BAGGER,22,8507,0;;;
Franklin;09:03:45;17:51:21;3554.153,4543.603,4543.603;True,Motorcycles,BAGGER,21,2113,0;;;
Franklin;09:03:45;17:51:21;3564.4,4539.266,4539.266;True,Motorcycles,BAGGER,22,05698,1;;;
Franklin;09:03:46;17:51:22;3574.194,4532.909,4532.909;True,Motorcycles,BAGGER,23,40347,1;;;
Franklin;09:03:46;17:51:22;3584.657,4526.577,4526.577;True,Motorcycles,BAGGER,23,03857,0;;;
Franklin;09:03:47;17:51:23;3595.231,4520.285,4520.285;True,Motorcycles,BAGGER,24,38997,1;;;
Franklin;09:03:47;17:51:23;3605.655,4513.211,4513.211;True,Motorcycles,BAGGER,23,62282,0;;;
Franklin;09:03:48;17:51:24;3616.06,4506.897,4506.897;True,Motorcycles,BAGGER,24,48841,1;;;
Franklin;09:03:48;17:51:24;3627.343,4500.546,4500.546;True,Motorcycles,BAGGER,26,22787,1;;;
Franklin;09:03:49;17:51:25;3639.448,4493.208,4493.208;True,Motorcycles,BAGGER,28,44607,1;;;
Franklin;09:03:49;17:51:25;3652.044,4486.431,4486.431;True,Motorcycles,BAGGER,27,11837,0;;;
Franklin;09:03:50;17:51:26;3663.671,4480.145,4480.145;True,Motorcycles,BAGGER,24,23799,0;;;
Franklin;09:03:50;17:51:26;3674.133,4474.215,4474.215;True,Motorcycles,BAGGER,22,39887,0;;;
Franklin;09:03:51;17:51:27;3682.947,4467.589,4467.589;True,Motorcycles,BAGGER,20,48643,0;;;
Franklin;09:03:51;17:51:28;3690.699,4460.376,4460.376;True,Motorcycles,BAGGER,20,45831,0;;;
Franklin;09:03:52;17:51:28;3697.043,4452.377,4452.377;True,Motorcycles,BAGGER,18,43138,0;;;
Franklin;09:03:52;17:51:29;3701.833,4443.933,4443.933;True,Motorcycles,BAGGER,18,31823,0;;;
Franklin;09:03:53;17:51:29;3706.184,4436.213,4436.213;True,Motorcycles,BAGGER,16,01985,0;;;
Franklin;09:03:53;17:51:30;3711.633,4430.618,4430.618;True,Motorcycles,BAGGER,13,91979,0;;;
Franklin;09:03:54;17:51:30;3716.987,4426.208,4426.208;True,Motorcycles,BAGGER,12,1339,0;;;
Franklin;09:03:54;17:51:31;3722.72,4424.069,4424.069;True,Motorcycles,BAGGER,11,50473,0;;;
Franklin;09:03:55;17:51:31;3728.338,4423.608,4423.608;True,Motorcycles,BAGGER,10,05457,0;;;
Franklin;09:03:56;17:51:32;3732.801,4425.187,4425.187;True,Motorcycles,BAGGER,9,736815,1;Almost creeped on me, Frank. Almost.;FaFT_BYAA;FaFT_BYAA
Franklin;09:03:56;17:51:32;3737.916,4426.75,4426.75;True,Motorcycles,BAGGER,9,840405,0;;;
Franklin;09:03:57;17:51:33;3742.557,4428.105,4428.105;True,Motorcycles,BAGGER,9,173985,0;;;
Franklin;09:03:57;17:51:33;3747.328,4429.484,4429.484;True,Motorcycles,BAGGER,10,54631,0;;;
Franklin;09:03:58;17:51:34;3751.52,4431.964,4431.964;True,Motorcycles,BAGGER,8,901158,0;;;
Franklin;09:03:58;17:51:34;3754.031,4436.253,4436.253;True,Motorcycles,BAGGER,10,50745,0;;;
Franklin;09:03:59;17:51:35;3756.054,4441.297,4441.297;True,Motorcycles,BAGGER,11,2886,1;;;
Franklin;09:03:59;17:51:35;3758.229,4447.063,4447.063;True,Motorcycles,BAGGER,11,33178,0;;;
Franklin;09:04:00;17:51:36;3760.222,4452.358,4452.358;True,Motorcycles,BAGGER,11,30148,1;;;
Franklin;09:04:00;17:51:36;3764.108,4457.51,4457.51;True,Motorcycles,BAGGER,13,84789,0;;;
Franklin;09:04:01;17:51:37;3769.596,4461.374,4461.374;True,Motorcycles,BAGGER,12,50677,0;;;
Franklin;09:04:01;17:51:38;3775.154,4464.163,4464.163;True,Motorcycles,BAGGER,12,594,1;;;
Franklin;09:04:02;17:51:38;3782.42,4464.78,4464.78;True,Motorcycles,BAGGER,15,00754,1;;;
Franklin;09:04:02;17:51:39;3789.563,4463.764,4463.764;True,Motorcycles,BAGGER,12,88756,0;;;
Franklin;09:04:03;17:51:39;3795.791,4463.367,4463.367;True,Motorcycles,BAGGER,10,88117,0;;;
Franklin;09:04:03;17:51:40;3800.944,4463.118,4463.118;True,Motorcycles,BAGGER,9,117647,0;;;
Franklin;09:04:04;17:51:40;3805.812,4462.892,4462.892;True,Motorcycles,BAGGER,10,64305,0;;;
Franklin;09:04:04;17:51:41;3810.761,4463.442,4463.442;True,Motorcycles,BAGGER,8,762524,0;;;
Franklin;09:04:05;17:51:41;3812.489,4463.718,4463.718;True,Motorcycles,BAGGER,0,2902236,0;Hey. What's up?;FRANKLIN;fbi5a_PDAA
Franklin;09:04:06;17:51:42;3812.471,4463.741,4463.741;True,Motorcycles,BAGGER,0,0;;;
Franklin;09:04:06;17:51:42;3812.471,4463.741,4463.741;True,Motorcycles,BAGGER,0,0;;;
Franklin;09:04:07;17:51:43;3812.231,4464.562,4464.562;;;;
Franklin;09:04:07;17:51:43;3824.22,4462.575,4462.575;;;;
Franklin;09:04:08;17:51:44;3824.803,4462.575,4462.575;;;;
Franklin;09:04:08;17:51:44;3825.383,4462.502,4462.502;;;;
Franklin;09:04:09;17:51:45;3825.954,4462.589,4462.589;;;;
Franklin;09:04:09;17:51:45;3826.545,4462.63,4462.63;;Oh. Hey, man.;Cutscene;Cutscene
Franklin;09:04:10;17:51:46;3827.14,4462.695,4462.695;;;;
Franklin;09:04:10;17:51:46;3827.729,4462.765,4462.765;;;;
Franklin;09:04:11;17:51:47;3828.304,4462.668,4462.668;;;;
Franklin;09:04:11;17:51:47;3828.9,4462.627,4462.627;;;;
Franklin;09:04:12;17:51:48;3829.422,4462.483,4462.483;;;;
Franklin;09:04:12;17:51:48;3829.859,4462.403,4462.403;;;;
Franklin;09:04:13;17:51:49;3830.282,4462.403,4462.403;;;;
Franklin;09:04:13;17:51:50;3830.678,4462.31,4462.31;;;;
Franklin;09:04:14;17:51:50;3830.916,4462.333,4462.333;;How you doin'?;Cutscene;Cutscene
Franklin;09:04:14;17:51:51;3831.12,4462.456,4462.456;;;;
Franklin;09:04:15;17:51:51;3831.208,4462.397,4462.397;;;;
Franklin;09:04:15;17:51:52;3831.268,4462.284,4462.284;;Man, I was wonderin'.;Cutscene;Cutscene
Franklin;09:04:16;17:51:52;3831.259,4462.313,4462.313;;Have you heard from your family?;Cutscene;Cutscene
Franklin;09:04:16;17:51:53;3831.274,4462.416,4462.416;;;;
Franklin;09:04:17;17:51:53;3831.266,4462.438,4462.438;;;;
Franklin;09:04:18;17:51:54;3831.269,4462.405,4462.405;;;;
Franklin;09:04:18;17:51:54;3831.257,4462.4,4462.4;;Yeah, sure.;Cutscene;Cutscene
Franklin;09:04:19;17:51:55;3831.25,4462.401,4462.401;;;;
Franklin;09:04:19;17:51:55;3831.251,4462.354,4462.354;;;;
Franklin;09:04:20;17:51:56;3831.262,4462.438,4462.438;;;;
Franklin;09:04:20;17:51:56;3831.263,4462.419,4462.419;;;;
Franklin;09:04:21;17:51:57;3831.265,4462.397,4462.397;;Nah, it's a lie.;Cutscene;Cutscene
Franklin;09:04:21;17:51:57;3831.263,4462.41,4462.41;;;;
Franklin;09:04:22;17:51:58;3831.266,4462.415,4462.415;;;;
Franklin;09:04:22;17:51:58;3831.273,4462.383,4462.383;;;;
Franklin;09:04:23;17:51:59;3831.272,4462.367,4462.367;;I haven't heard a fucking thing.;Cutscene;Cutscene
Franklin;09:04:23;17:51:59;3831.267,4462.398,4462.398;;;;
Franklin;09:04:24;17:52:00;3831.255,4462.37,4462.37;;;;
Franklin;09:04:24;17:52:01;3831.249,4462.336,4462.336;;Damn. That's fucked up, man.;Cutscene;Cutscene
Franklin;09:04:25;17:52:01;3831.251,4462.388,4462.388;;;;
Franklin;09:04:25;17:52:02;3831.263,4462.419,4462.419;;;;
Franklin;09:04:26;17:52:02;3831.272,4462.38,4462.38;;Yeah, well...;Cutscene;Cutscene
Franklin;09:04:26;17:52:03;3831.264,4462.339,4462.339;;;;
Franklin;09:04:27;17:52:03;3831.224,4462.284,4462.284;;;;
Franklin;09:04:27;17:52:04;3831.256,4462.37,4462.37;;;;
Franklin;09:04:28;17:52:04;3831.27,4462.411,4462.411;;not gonna matter,;Cutscene;Cutscene
Franklin;09:04:28;17:52:05;3831.267,4462.376,4462.376;;we're all gonna be dead in about a half hour anyway.;Cutscene;Cutscene
Franklin;09:04:29;17:52:05;3831.255,4462.366,4462.366;;;;
Franklin;09:04:30;17:52:06;3831.251,4462.374,4462.374;;;;
Franklin;09:04:30;17:52:06;3831.247,4462.37,4462.37;;;;
Franklin;09:04:31;17:52:07;3831.221,4462.482,4462.482;;What's going on, ladies?;Cutscene;Cutscene
Franklin;09:04:31;17:52:07;3831.222,4462.467,4462.467;;;;
Franklin;09:04:32;17:52:08;3831.237,4462.391,4462.391;;;;
Franklin;09:04:32;17:52:08;3831.186,4462.46,4462.46;;;;
Franklin;09:04:33;17:52:09;3831.164,4462.565,4462.565;;;;
Franklin;09:04:33;17:52:09;3831.256,4462.544,4462.544;;Hello, Trevor.;Cutscene;Cutscene
Franklin;09:04:34;17:52:10;3831.287,4462.513,4462.513;;;;
Franklin;09:04:34;17:52:10;3831.291,4462.502,4462.502;;;;
Franklin;09:04:35;17:52:11;3831.158,4462.542,4462.542;;;;
Franklin;09:04:35;17:52:11;3831.065,4462.516,4462.516;;What kept ya?;Cutscene;Cutscene
Franklin;09:04:36;17:52:12;3831.082,4462.452,4462.452;;;;
Franklin;09:04:36;17:52:13;3831.153,4462.331,4462.331;;Business, Michael. Business.;Cutscene;Cutscene
Franklin;09:04:37;17:52:13;3831.192,4462.373,4462.373;;;;
Franklin;09:04:37;17:52:14;3831.211,4462.543,4462.543;;;;
Franklin;09:04:38;17:52:14;3831.209,4462.501,4462.501;;;;
Franklin;09:04:38;17:52:15;3831.222,4462.395,4462.395;;Alright?;Cutscene;Cutscene
Franklin;09:04:39;17:52:15;3831.231,4462.415,4462.415;;;;
Franklin;09:04:39;17:52:16;3831.237,4462.455,4462.455;;I'm the CEO of a big international corporation,;Cutscene;Cutscene
Franklin;09:04:40;17:52:16;3831.234,4462.454,4462.454;;;;
Franklin;09:04:41;17:52:17;3831.233,4462.435,4462.435;;;;
Franklin;09:04:41;17:52:17;3831.246,4462.532,4462.532;;;;
Franklin;09:04:42;17:52:18;3831.219,4462.628,4462.628;;;;
Franklin;09:04:42;17:52:18;3831.221,4462.64,4462.64;;it's very time consuming.;Cutscene;Cutscene
Franklin;09:04:43;17:52:19;3831.24,4462.587,4462.587;;;;
Franklin;09:04:43;17:52:19;3831.281,4462.458,4462.458;;;;
Franklin;09:04:44;17:52:20;3831.293,4462.504,4462.504;;Nothing, of course, you'd understand,;Cutscene;Cutscene
Franklin;09:04:44;17:52:20;3831.288,4462.627,4462.627;;;;
Franklin;09:04:45;17:52:21;3831.291,4462.589,4462.589;;;;
Franklin;09:04:45;17:52:21;3831.302,4462.504,4462.504;;being a gentleman of leisure.;Cutscene;Cutscene
Franklin;09:04:46;17:52:22;3831.304,4462.523,4462.523;;;;
Franklin;09:04:46;17:52:22;3831.311,4462.562,4462.562;;;;
Franklin;09:04:47;17:52:23;3831.313,4462.533,4462.533;;;;
Franklin;09:04:47;17:52:23;3831.309,4462.528,4462.528;;You know, you know, Franklin.;Cutscene;Cutscene
Franklin;09:04:48;17:52:24;3831.298,4462.527,4462.527;;;;
Franklin;09:04:48;17:52:25;3831.296,4462.452,4462.452;;If there's one thing that you're gonna learn from being around us...;Cutscene;Cutscene
Franklin;09:04:49;17:52:25;3831.282,4462.406,4462.406;;;;
Franklin;09:04:49;17:52:26;3831.319,4462.523,4462.523;;;;
Franklin;09:04:50;17:52:26;3831.323,4462.648,4462.648;;;;
Franklin;09:04:50;17:52:27;3831.294,4462.574,4462.574;;;;
Franklin;09:04:51;17:52:27;3831.24,4462.447,4462.447;;;;
Franklin;09:04:51;17:52:28;3831.239,4462.465,4462.465;;;;
Franklin;09:04:52;17:52:28;3831.275,4462.516,4462.516;;Plead fuckin' insanity.;Cutscene;Cutscene
Franklin;09:04:53;17:52:29;3831.265,4462.512,4462.512;;;;
Franklin;09:04:53;17:52:29;3831.267,4462.491,4462.491;;;;
Franklin;09:04:54;17:52:30;3831.27,4462.492,4462.492;;Then they can't fry ya.;Cutscene;Cutscene
Franklin;09:04:54;17:52:30;3831.271,4462.497,4462.497;;;;
Franklin;09:04:55;17:52:31;3831.272,4462.496,4462.496;;;;
Franklin;09:04:55;17:52:31;3831.263,4462.493,4462.493;;If you want somethin' done,;Cutscene;Cutscene
Franklin;09:04:56;17:52:32;3831.203,4462.457,4462.457;;;;
Franklin;09:04:56;17:52:32;3831.263,4462.525,4462.525;;;;
Franklin;09:04:57;17:52:33;3831.285,4462.558,4462.558;;go to the busy man.;Cutscene;Cutscene
Franklin;09:04:57;17:52:33;3831.277,4462.498,4462.498;;;;
Franklin;09:04:58;17:52:34;3831.273,4462.484,4462.484;;;;
Franklin;09:04:58;17:52:34;3831.267,4462.519,4462.519;;;;
Franklin;09:04:59;17:52:35;3831.256,4462.52,4462.52;;This rich fuck is useless.;Cutscene;Cutscene
Franklin;09:04:59;17:52:36;3831.263,4462.509,4462.509;;;;
Franklin;09:05:00;17:52:36;3831.269,4462.511,4462.511;;;;
Franklin;09:05:00;17:52:37;3831.269,4462.513,4462.513;;;;
Franklin;09:05:01;17:52:37;3831.268,4462.507,4462.507;;Ho-Ho-Hold on, man.;Cutscene;Cutscene
Franklin;09:05:01;17:52:38;3831.256,4462.404,4462.404;;;;
Franklin;09:05:02;17:52:38;3831.364,4462.39,4462.39;;;;
Franklin;09:05:02;17:52:39;3831.466,4462.407,4462.407;;Can y'all knock that shit off?;Cutscene;Cutscene
Franklin;09:05:03;17:52:39;3831.485,4462.291,4462.291;;;;
Franklin;09:05:04;17:52:40;3831.496,4462.43,4462.43;;Oh, look!;Cutscene;Cutscene
Franklin;09:05:04;17:52:40;3831.495,4462.4,4462.4;;;;
Franklin;09:05:05;17:52:41;3831.472,4462.558,4462.558;;;;
Franklin;09:05:05;17:52:41;3831.542,4462.629,4462.629;;Boys, your boys, it's the Feds.;Cutscene;Cutscene
Franklin;09:05:06;17:52:42;3831.456,4462.727,4462.727;;;;
Franklin;09:05:06;17:52:42;3831.402,4462.831,4462.831;;;;
Franklin;09:05:07;17:52:43;3831.409,4462.954,4462.954;;;;
Franklin;09:05:07;17:52:43;3831.406,4463.015,4463.015;;;;
Franklin;09:05:08;17:52:44;3831.279,4462.941,4462.941;;;;
Franklin;09:05:08;17:52:44;3831.371,4463.031,4463.031;;;;
Franklin;09:05:09;17:52:45;3831.317,4462.972,4462.972;;;;
Franklin;09:05:09;17:52:45;3831.229,4462.867,4462.867;;Hey.;Cutscene;Cutscene
Franklin;09:05:10;17:52:46;3831.255,4462.89,4462.89;;;;
Franklin;09:05:10;17:52:46;3831.328,4462.974,4462.974;;;;
Franklin;09:05:11;17:52:47;3831.309,4462.963,4462.963;;Where's the other three?;Cutscene;Cutscene
Franklin;09:05:11;17:52:48;3831.258,4462.909,4462.909;;;;
Franklin;09:05:12;17:52:48;3831.289,4462.908,4462.908;;;;
Franklin;09:05:12;17:52:49;3831.33,4462.94,4462.94;;What other three?;Cutscene;Cutscene
Franklin;09:05:13;17:52:49;3831.296,4462.9,4462.9;;;;
Franklin;09:05:13;17:52:50;3831.273,4462.895,4462.895;;;;
Franklin;09:05:14;17:52:50;3831.287,4462.933,4462.933;;;;
Franklin;09:05:14;17:52:51;3831.291,4462.945,4462.945;;We told you to bring along six.;Cutscene;Cutscene
Franklin;09:05:15;17:52:51;3831.279,4462.924,4462.924;;;;
Franklin;09:05:15;17:52:52;3831.271,4462.901,4462.901;;This is a six man job.;Cutscene;Cutscene
Franklin;09:05:16;17:52:52;3831.28,4462.91,4462.91;;;;
Franklin;09:05:17;17:52:53;3831.282,4462.91,4462.91;;;;
Franklin;09:05:17;17:52:53;3831.281,4462.911,4462.911;;No, you didn't.;Cutscene;Cutscene
Franklin;09:05:18;17:52:54;3831.282,4462.916,4462.916;;;;
Franklin;09:05:18;17:52:54;3831.271,4462.904,4462.904;;;;
Franklin;09:05:19;17:52:55;3831.218,4462.826,4462.826;;Dave did.;Cutscene;Cutscene
Franklin;09:05:19;17:52:55;3831.171,4462.754,4462.754;;;;
Franklin;09:05:20;17:52:56;3831.153,4462.796,4462.796;;No, Dave didn't.;Cutscene;Cutscene
Franklin;09:05:20;17:52:56;3831.1,4462.91,4462.91;;;;
Franklin;09:05:21;17:52:57;3831.066,4462.897,4462.897;;You said you'd do it.;Cutscene;Cutscene
Franklin;09:05:21;17:52:57;3831.048,4462.752,4462.752;;;;
Franklin;09:05:22;17:52:58;3831.075,4462.692,4462.692;;;;
Franklin;09:05:22;17:52:58;3831.096,4462.777,4462.777;;;;
Franklin;09:05:23;17:52:59;3831.131,4462.882,4462.882;;That is a frickin' lie!;Cutscene;Cutscene
Franklin;09:05:23;17:53:00;3831.129,4462.885,4462.885;;;;
Franklin;09:05:24;17:53:00;3831.094,4462.835,4462.835;;;;
Franklin;09:05:24;17:53:01;3831.073,4462.787,4462.787;;;;
Franklin;09:05:25;17:53:01;3831.075,4462.774,4462.774;;;;
Franklin;09:05:25;17:53:02;3831.092,4462.811,4462.811;;I do not get things wrong.;Cutscene;Cutscene
Franklin;09:05:26;17:53:02;3831.109,4462.837,4462.837;;;;
Franklin;09:05:26;17:53:03;3831.119,4462.844,4462.844;;;;
Franklin;09:05:27;17:53:03;3831.109,4462.825,4462.825;;Alright, great.;Cutscene;Cutscene
Franklin;09:05:27;17:53:04;3831.104,4462.808,4462.808;;;;
Franklin;09:05:28;17:53:04;3831.108,4462.802,4462.802;;Then we're out of here.;Cutscene;Cutscene
Franklin;09:05:29;17:53:05;3831.112,4462.781,4462.781;;;;
Franklin;09:05:29;17:53:05;3830.999,4462.643,4462.643;;;;
Franklin;09:05:30;17:53:06;3830.834,4462.55,4462.55;;;;
Franklin;09:05:30;17:53:06;3830.069,4462.379,4462.379;;;;
Franklin;09:05:31;17:53:07;3829.753,4462.41,4462.41;;;;
Franklin;09:05:31;17:53:07;3829.708,4462.306,4462.306;;You three can do it alone.;Cutscene;Cutscene
Franklin;09:05:32;17:53:08;3829.703,4462.323,4462.323;;;;
Franklin;09:05:32;17:53:08;3829.704,4462.469,4462.469;;;;
Franklin;09:05:33;17:53:09;3829.698,4462.477,4462.477;;And die? Fuck you!;Cutscene;Cutscene
Franklin;09:05:33;17:53:09;3829.672,4462.399,4462.399;;;;
Franklin;09:05:34;17:53:10;3829.68,4462.371,4462.371;;;;
Franklin;09:05:34;17:53:10;3829.769,4462.5,4462.5;;;;
Franklin;09:05:35;17:53:11;3829.856,4462.565,4462.565;;You do your own dirty work!;Cutscene;Cutscene
Franklin;09:05:35;17:53:11;3829.816,4462.57,4462.57;;;;
Franklin;09:05:36;17:53:12;3829.653,4462.5,4462.5;;Hey, I do my dirty work every day!;Cutscene;Cutscene
Franklin;09:05:36;17:53:13;3829.694,4462.42,4462.42;;;;
Franklin;09:05:37;17:53:13;3829.794,4462.387,4462.387;;;;
Franklin;09:05:37;17:53:14;3829.794,4462.333,4462.333;;;;
Franklin;09:05:38;17:53:14;3829.769,4462.265,4462.265;;Keepin' the country safe from scum like you!;Cutscene;Cutscene
Franklin;09:05:38;17:53:15;3829.77,4462.224,4462.224;;;;
Franklin;09:05:39;17:53:15;3829.775,4462.216,4462.216;;;;
Franklin;09:05:39;17:53:16;3829.771,4462.206,4462.206;;;;
Franklin;09:05:40;17:53:16;3829.776,4462.196,4462.196;;And you doin' a great job, sir.;Cutscene;Cutscene
Franklin;09:05:41;17:53:17;3829.793,4462.208,4462.208;;;;
Franklin;09:05:41;17:53:17;3829.802,4462.218,4462.218;;;;
Franklin;09:05:42;17:53:18;3829.813,4462.228,4462.228;;;;
Franklin;09:05:42;17:53:18;3829.831,4462.25,4462.25;;Hey. You want this job done?;Cutscene;Cutscene
Franklin;09:05:43;17:53:19;3829.818,4462.234,4462.234;;;;
Franklin;09:05:43;17:53:19;3829.782,4462.231,4462.231;;;;
Franklin;09:05:44;17:53:20;3829.774,4462.222,4462.222;;;;
Franklin;09:05:44;17:53:20;3829.778,4462.22,4462.22;;;;
Franklin;09:05:45;17:53:21;3829.776,4462.221,4462.221;;;;
Franklin;09:05:45;17:53:21;3829.742,4462.229,4462.229;;Then come with us, huh?;Cutscene;Cutscene
Franklin;09:05:46;17:53:22;3829.667,4462.219,4462.219;;;;
Franklin;09:05:46;17:53:22;3829.787,4462.324,4462.324;;;;
Franklin;09:05:47;17:53:23;3829.948,4462.269,4462.269;;Come on.;Cutscene;Cutscene
Franklin;09:05:47;17:53:23;3830.007,4462.346,4462.346;;Come on, Mr. Leisure Wear!;Cutscene;Cutscene
Franklin;09:05:48;17:53:24;3830.081,4462.472,4462.472;;;;
Franklin;09:05:48;17:53:25;3830.26,4462.439,4462.439;;;;
Franklin;09:05:49;17:53:25;3830.312,4462.369,4462.369;;Mr. Depressed Accountant!;Cutscene;Cutscene
Franklin;09:05:49;17:53:26;3830.196,4462.371,4462.371;;;;
Franklin;09:05:50;17:53:26;3830.031,4462.357,4462.357;;;;
Franklin;09:05:50;17:53:27;3829.831,4462.532,4462.532;;Let's go save America!;Cutscene;Cutscene
Franklin;09:05:51;17:53:27;3829.909,4462.548,4462.548;;;;
Franklin;09:05:51;17:53:28;3830.092,4462.502,4462.502;;;;
Franklin;09:05:52;17:53:28;3830.072,4462.514,4462.514;;;;
Franklin;09:05:53;17:53:29;3829.931,4462.52,4462.52;;Who the fuck are we savin' it from this time?;Cutscene;Cutscene
Franklin;09:05:53;17:53:29;3829.981,4462.556,4462.556;;;;
Franklin;09:05:54;17:53:30;3830.135,4462.636,4462.636;;;;
Franklin;09:05:54;17:53:30;3830.101,4462.653,4462.653;;;;
Franklin;09:05:55;17:53:31;3829.958,4462.646,4462.646;;;;
Franklin;09:05:55;17:53:31;3830.063,4462.637,4462.637;;This is the real deal.;Cutscene;Cutscene
Franklin;09:05:56;17:53:32;3830.047,4462.63,4462.63;;;;
Franklin;09:05:56;17:53:32;3830.054,4462.632,4462.632;;My sources are convinced there's a plot in International Affairs,;Cutscene;Cutscene
Franklin;09:05:57;17:53:33;3830.056,4462.637,4462.637;;;;
Franklin;09:05:57;17:53:33;3830.056,4462.64,4462.64;;;;
Franklin;09:05:58;17:53:34;3830.055,4462.644,4462.644;;;;
Franklin;09:05:58;17:53:34;3830.055,4462.646,4462.646;;;;
Franklin;09:05:59;17:53:35;3830.053,4462.65,4462.65;;;;
Franklin;09:05:59;17:53:35;3830.054,4462.655,4462.655;;;;
Franklin;09:06:00;17:53:36;3830.054,4462.659,4462.659;;y'know 'The Agency',;Cutscene;Cutscene
Franklin;09:06:00;17:53:37;3830.054,4462.663,4462.663;;;;
Franklin;09:06:01;17:53:37;3830.053,4462.664,4462.664;;;;
Franklin;09:06:01;17:53:38;3830.052,4462.661,4462.661;;and they're using this facility to make a serious nerve toxin.;Cutscene;Cutscene
Franklin;09:06:02;17:53:38;3830.051,4462.658,4462.658;;;;
Franklin;09:06:02;17:53:39;3830.051,4462.655,4462.655;;;;
Franklin;09:06:03;17:53:39;3830.052,4462.651,4462.651;;;;
Franklin;09:06:03;17:53:40;3830.052,4462.649,4462.649;;;;
Franklin;09:06:04;17:53:40;3830.052,4462.652,4462.652;;;;
Franklin;09:06:05;17:53:41;3830.052,4462.656,4462.656;;;;
Franklin;09:06:05;17:53:41;3830.052,4462.662,4462.662;;Bullshit!;Cutscene;Cutscene
Franklin;09:06:06;17:53:42;3830.052,4462.667,4462.667;;;;
Franklin;09:06:06;17:53:42;3830.055,4462.671,4462.671;;Yeah. Which they plan, in their mind blowing insanity,;Cutscene;Cutscene
Franklin;09:06:07;17:53:43;3830.065,4462.666,4462.666;;;;
Franklin;09:06:07;17:53:43;3830.077,4462.649,4462.649;;;;
Franklin;09:06:08;17:53:44;3830.061,4462.638,4462.638;;;;
Franklin;09:06:08;17:53:44;3829.994,4462.642,4462.642;;;;
Franklin;09:06:09;17:53:45;3829.931,4462.638,4462.638;;;;
Franklin;09:06:09;17:53:45;3830.053,4462.688,4462.688;;;;
Franklin;09:06:10;17:53:46;3830.173,4462.689,4462.689;;to let a major terrorist release on a metropolitan area,;Cutscene;Cutscene
Franklin;09:06:10;17:53:46;3830.141,4462.664,4462.664;;;;
Franklin;09:06:11;17:53:47;3830.009,4462.653,4462.653;;;;
Franklin;09:06:11;17:53:48;3829.917,4462.586,4462.586;;;;
Franklin;09:06:12;17:53:48;3829.951,4462.567,4462.567;;;;
Franklin;09:06:12;17:53:49;3830.098,4462.601,4462.601;;;;
Franklin;09:06:13;17:53:49;3830.135,4462.608,4462.608;;so they can continue to get funding.;Cutscene;Cutscene
Franklin;09:06:13;17:53:50;3830.075,4462.6,4462.6;;;;
Franklin;09:06:14;17:53:50;3830.062,4462.597,4462.597;;;;
Franklin;09:06:14;17:53:51;3830.174,4462.65,4462.65;;;;
Franklin;09:06:15;17:53:51;3830.08,4462.673,4462.673;;Nothing increases funding for fighting terrorism more;Cutscene;Cutscene
Franklin;09:06:16;17:53:52;3829.955,4462.651,4462.651;;;;
Franklin;09:06:16;17:53:52;3830.004,4462.591,4462.591;;;;
Franklin;09:06:17;17:53:53;3830.134,4462.46,4462.46;;;;
Franklin;09:06:17;17:53:53;3830.135,4462.383,4462.383;;;;
Franklin;09:06:18;17:53:54;3830.095,4462.405,4462.405;;;;
Franklin;09:06:18;17:53:54;3830.002,4462.454,4462.454;;than successful acts of terrorism.;Cutscene;Cutscene
Franklin;09:06:19;17:53:55;3829.947,4462.493,4462.493;;;;
Franklin;09:06:19;17:53:55;3830.056,4462.543,4462.543;;;;
Franklin;09:06:20;17:53:56;3830.179,4462.552,4462.552;;;;
Franklin;09:06:20;17:53:56;3830.127,4462.556,4462.556;;;;
Franklin;09:06:21;17:53:57;3830.064,4462.56,4462.56;;So-So, alright.;Cutscene;Cutscene
Franklin;09:06:21;17:53:57;3830.069,4462.558,4462.558;;So, let me get this straight, then...;Cutscene;Cutscene
Franklin;09:06:22;17:53:58;3830.082,4462.559,4462.559;;;;
Franklin;09:06:22;17:53:58;3830.081,4462.557,4462.557;;;;
Franklin;09:06:23;17:53:59;3830.079,4462.557,4462.557;;No-No-No-No-No-No. No.;Cutscene;Cutscene
Franklin;09:06:23;17:54:00;3830.079,4462.565,4462.565;;;;
Franklin;09:06:24;17:54:00;3830.078,4462.572,4462.572;;;;
Franklin;09:06:24;17:54:01;3830.079,4462.574,4462.574;;There is no getting this straight, that's the point.;Cutscene;Cutscene
Franklin;09:06:25;17:54:01;3830.08,4462.569,4462.569;;;;
Franklin;09:06:25;17:54:02;3830.083,4462.567,4462.567;;;;
Franklin;09:06:26;17:54:02;3830.084,4462.572,4462.572;;;;
Franklin;09:06:27;17:54:03;3830.083,4462.572,4462.572;;Now, we're doing this!;Cutscene;Cutscene
Franklin;09:06:27;17:54:03;3830.081,4462.573,4462.573;;;;
Franklin;09:06:28;17:54:04;3830.08,4462.576,4462.576;;;;
Franklin;09:06:28;17:54:04;3830.045,4462.427,4462.427;;You two...;Cutscene;Cutscene
Franklin;09:06:29;17:54:05;3830.037,4462.423,4462.423;;;;
Franklin;09:06:29;17:54:05;3830.039,4462.417,4462.417;;are on getaway.;Cutscene;Cutscene
Franklin;09:06:30;17:54:06;3830.045,4462.412,4462.412;;Fuck off and make it happen.;Cutscene;Cutscene
Franklin;09:06:30;17:54:06;3830.046,4462.416,4462.416;;;;
Franklin;09:06:31;17:54:07;3830.046,4462.418,4462.418;;;;
Franklin;09:06:31;17:54:07;3830.043,4462.418,4462.418;;;;
Franklin;09:06:32;17:54:08;3830.043,4462.42,4462.42;;Michael!;Cutscene;Cutscene
Franklin;09:06:32;17:54:08;3830.044,4462.424,4462.424;;You're with us!;Cutscene;Cutscene
Franklin;09:06:33;17:54:09;3830.045,4462.428,4462.428;;;;
Franklin;09:06:33;17:54:09;3830.052,4462.433,4462.433;;;;
Franklin;09:06:34;17:54:10;3830.037,4462.435,4462.435;;;;
Franklin;09:06:34;17:54:11;3829.867,4462.403,4462.403;;;;
Franklin;09:06:35;17:54:11;3829.813,4462.469,4462.469;;What size flipper you wear?;Cutscene;Cutscene
Franklin;09:06:35;17:54:12;3829.812,4462.557,4462.557;;;;
Franklin;09:06:36;17:54:12;3829.829,4462.53,4462.53;;;;
Franklin;09:06:36;17:54:13;3829.854,4462.417,4462.417;;;;
Franklin;09:06:37;17:54:13;3829.911,4462.393,4462.393;;;;
Franklin;09:06:38;17:54:14;3830.04,4462.449,4462.449;;;;
Franklin;09:06:38;17:54:14;3830.078,4462.499,4462.499;;;;
Franklin;09:06:39;17:54:15;3829.836,4462.636,4462.636;;;;
Franklin;09:06:39;17:54:15;3829.633,4462.7,4462.7;;;;
Franklin;09:06:40;17:54:16;3829.291,4462.633,4462.633;;;;
Franklin;09:06:40;17:54:16;3829.013,4462.542,4462.542;;;;
Franklin;09:06:41;17:54:17;3828.594,4462.249,4462.249;;;;
Franklin;09:06:41;17:54:17;3828.075,4462.369,4462.369;;;;
Franklin;09:06:42;17:54:18;3827.653,4462.458,4462.458;;;;
Franklin;09:06:42;17:54:18;3827.016,4462.5,4462.5;;;;
Franklin;09:06:43;17:54:19;3826.418,4462.54,4462.54;;;;
Franklin;09:06:43;17:54:19;3825.855,4462.442,4462.442;;;;
Franklin;09:06:44;17:54:20;3826.75,4464.75,4464.75;;;;
Franklin;10:02:14;17:54:21;3826.75,4464.75,4464.75;;;;
Franklin;11:59:29;17:54:21;3826.75,4464.75,4464.75;;;;
Franklin;13:55:50;17:54:22;3826.75,4464.75,4464.75;;;;
Franklin;15:51:04;17:54:22;3826.75,4464.75,4464.75;;;;
Franklin;17:48:19;17:54:23;3826.75,4464.75,4464.75;;;;
Franklin;19:44:40;17:54:23;3826.75,4464.75,4464.75;;;;
Franklin;21:00:00;17:54:24;3826.75,4464.75,4464.75;;;;
Franklin;21:00:00;17:54:24;3826.75,4464.75,4464.75;;;;
Franklin;21:00:01;17:54:25;3826.75,4464.75,4464.75;;;;
Franklin;21:00:01;17:54:25;3826.75,4464.75,4464.75;;Agent Norton.;Cutscene;Cutscene
Franklin;21:00:02;17:54:26;3826.75,4464.75,4464.75;;;;
Franklin;21:00:02;17:54:26;3826.75,4464.75,4464.75;;It's been a while since you were in the field.;Cutscene;Cutscene
Franklin;21:00:03;17:54:27;3826.75,4464.75,4464.75;;;;
Franklin;21:00:03;17:54:27;3826.75,4464.75,4464.75;;;;
Franklin;21:00:04;17:54:28;3826.75,4464.75,4464.75;;;;
Franklin;21:00:04;17:54:28;3826.75,4464.75,4464.75;;Sight of you in neoprene;Cutscene;Cutscene
Franklin;21:00:05;17:54:29;3826.75,4464.75,4464.75;;;;
Franklin;21:00:05;17:54:29;3826.75,4464.75,4464.75;;;;
Franklin;21:00:06;17:54:30;3826.75,4464.75,4464.75;;is something we save for our worst enemies.;Cutscene;Cutscene
Franklin;21:00:06;17:54:30;3826.75,4464.75,4464.75;;;;
Franklin;21:00:07;17:54:31;3826.75,4464.75,4464.75;;;;
Franklin;21:00:07;17:54:31;3826.75,4464.75,4464.75;;;;
Franklin;21:00:08;17:54:32;3826.75,4464.75,4464.75;;Shut up, I'll be fine.;Cutscene;Cutscene
Franklin;21:00:08;17:54:33;3826.75,4464.75,4464.75;;;;
Franklin;21:00:09;17:54:33;3826.75,4464.75,4464.75;;;;
Franklin;21:00:09;17:54:34;3826.75,4464.75,4464.75;;;;
Franklin;21:00:10;17:54:34;3826.75,4464.75,4464.75;;And you...;Cutscene;Cutscene
Franklin;21:00:10;17:54:35;3826.75,4464.75,4464.75;;;;
Franklin;21:00:11;17:54:35;3826.75,4464.75,4464.75;;Get in.;Cutscene;Cutscene
Franklin;21:00:11;17:54:36;3826.75,4464.75,4464.75;;;;
Franklin;21:00:12;17:54:36;3826.75,4464.75,4464.75;;You're driving.;Cutscene;Cutscene
Franklin;21:00:13;17:54:37;3826.75,4464.75,4464.75;;;;
Franklin;21:00:13;17:54:37;3826.75,4464.75,4464.75;;;;
char;time_ingame;time_rw;pos;vehicle;subtitles_text;speaker;soundfile
???;21:00:17;17:54:41;0,0,0;;;;
???;21:00:17;17:54:42;0,0,0;;Go down the coast. The facility's a few clicks south of us.;dave;fbi5a_LXAA
???;21:00:18;17:54:42;0,0,0;;;;
???;21:00:19;17:54:43;0,0,0;;;;
???;21:00:19;17:54:43;0,0,0;;;;
???;21:00:20;17:54:44;0,0,0;;;;
???;21:00:20;17:54:44;0,0,0;;;;
???;21:00:21;17:54:45;0,0,0;;;;
???;21:00:21;17:54:45;0,0,0;;;;
???;21:00:22;17:54:46;0,0,0;;;;
???;21:00:22;17:54:46;0,0,0;;;;
???;21:00:23;17:54:47;0,0,0;;;;
???;21:00:23;17:54:47;0,0,0;;;;
???;21:00:24;17:54:48;0,0,0;;;;
???;21:00:24;17:54:48;0,0,0;;;;
???;21:00:25;17:54:49;0,0,0;;;;
???;21:00:25;17:54:49;0,0,0;;;;
???;21:00:26;17:54:50;0,0,0;;;;
???;21:00:26;17:54:51;0,0,0;;;;
???;21:00:27;17:54:51;0,0,0;;;;
???;21:00:27;17:54:52;0,0,0;;;;
???;21:00:28;17:54:52;0,0,0;;;;
???;21:00:28;17:54:53;0,0,0;;;;
???;21:00:29;17:54:53;0,0,0;;;;
char;time_ingame;time_rw;pos;vehicle;subtitles_text;speaker;soundfile
